,day,D_black_cum,D_hispanic_cum,D_white_cum,D_female_cum,D_male_cum,D_0to9_cum,D_10to19_cum,D_20to29_cum,D_30to39_cum,D_40to49_cum,D_50to59_cum,D_60to69_cum,D_70to79_cum,D_80plus_cum,D_black_new,D_hispanic_new,D_white_new,D_female_new,D_male_new,D_0to9_new,D_10to19_new,D_20to29_new,D_30to39_new,D_40to49_new,D_50to59_new,D_60to69_new,D_70to79_new,D_80plus_new,D_black_cum_per100k,D_hispanic_cum_per100k,D_white_cum_per100k,D_female_cum_per100k,D_male_cum_per100k,D_0to9_cum_per100k,D_10to19_cum_per100k,D_20to29_cum_per100k,D_30to39_cum_per100k,D_40to49_cum_per100k,D_50to59_cum_per100k,D_60to69_cum_per100k,D_70to79_cum_per100k,D_80plus_cum_per100k,D_black_new_per100k,D_hispanic_new_per100k,D_white_new_per100k,D_female_new_per100k,D_male_new_per100k,D_0to9_new_per100k,D_10to19_new_per100k,D_20to29_new_per100k,D_30to39_new_per100k,D_40to49_new_per100k,D_50to59_new_per100k,D_60to69_new_per100k,D_70to79_new_per100k,D_80plus_new_per100k
0,0,0,0,0,0,0,0,0,0,0,0,0,0,0,0,,,,,,,,,,,,,,,0.0,0.0,0.0,0.0,0.0,0.0,0.0,0.0,0.0,0.0,0.0,0.0,0.0,0.0,,,,,,,,,,,,,,
1,1,0,0,0,0,0,0,0,0,0,0,0,0,0,0,0.0,0.0,0.0,0.0,0.0,0.0,0.0,0.0,0.0,0.0,0.0,0.0,0.0,0.0,0.0,0.0,0.0,0.0,0.0,0.0,0.0,0.0,0.0,0.0,0.0,0.0,0.0,0.0,0.0,0.0,0.0,0.0,0.0,0.0,0.0,0.0,0.0,0.0,0.0,0.0,0.0,0.0
2,2,0,0,0,0,0,0,0,0,0,0,0,0,0,0,0.0,0.0,0.0,0.0,0.0,0.0,0.0,0.0,0.0,0.0,0.0,0.0,0.0,0.0,0.0,0.0,0.0,0.0,0.0,0.0,0.0,0.0,0.0,0.0,0.0,0.0,0.0,0.0,0.0,0.0,0.0,0.0,0.0,0.0,0.0,0.0,0.0,0.0,0.0,0.0,0.0,0.0
3,3,0,0,0,0,0,0,0,0,0,0,0,0,0,0,0.0,0.0,0.0,0.0,0.0,0.0,0.0,0.0,0.0,0.0,0.0,0.0,0.0,0.0,0.0,0.0,0.0,0.0,0.0,0.0,0.0,0.0,0.0,0.0,0.0,0.0,0.0,0.0,0.0,0.0,0.0,0.0,0.0,0.0,0.0,0.0,0.0,0.0,0.0,0.0,0.0,0.0
4,4,0,0,0,0,0,0,0,0,0,0,0,0,0,0,0.0,0.0,0.0,0.0,0.0,0.0,0.0,0.0,0.0,0.0,0.0,0.0,0.0,0.0,0.0,0.0,0.0,0.0,0.0,0.0,0.0,0.0,0.0,0.0,0.0,0.0,0.0,0.0,0.0,0.0,0.0,0.0,0.0,0.0,0.0,0.0,0.0,0.0,0.0,0.0,0.0,0.0
5,5,0,0,0,0,0,0,0,0,0,0,0,0,0,0,0.0,0.0,0.0,0.0,0.0,0.0,0.0,0.0,0.0,0.0,0.0,0.0,0.0,0.0,0.0,0.0,0.0,0.0,0.0,0.0,0.0,0.0,0.0,0.0,0.0,0.0,0.0,0.0,0.0,0.0,0.0,0.0,0.0,0.0,0.0,0.0,0.0,0.0,0.0,0.0,0.0,0.0
6,6,0,0,0,0,0,0,0,0,0,0,0,0,0,0,0.0,0.0,0.0,0.0,0.0,0.0,0.0,0.0,0.0,0.0,0.0,0.0,0.0,0.0,0.0,0.0,0.0,0.0,0.0,0.0,0.0,0.0,0.0,0.0,0.0,0.0,0.0,0.0,0.0,0.0,0.0,0.0,0.0,0.0,0.0,0.0,0.0,0.0,0.0,0.0,0.0,0.0
7,7,0,0,0,0,0,0,0,0,0,0,0,0,0,0,0.0,0.0,0.0,0.0,0.0,0.0,0.0,0.0,0.0,0.0,0.0,0.0,0.0,0.0,0.0,0.0,0.0,0.0,0.0,0.0,0.0,0.0,0.0,0.0,0.0,0.0,0.0,0.0,0.0,0.0,0.0,0.0,0.0,0.0,0.0,0.0,0.0,0.0,0.0,0.0,0.0,0.0
8,8,0,0,0,0,0,0,0,0,0,0,0,0,0,0,0.0,0.0,0.0,0.0,0.0,0.0,0.0,0.0,0.0,0.0,0.0,0.0,0.0,0.0,0.0,0.0,0.0,0.0,0.0,0.0,0.0,0.0,0.0,0.0,0.0,0.0,0.0,0.0,0.0,0.0,0.0,0.0,0.0,0.0,0.0,0.0,0.0,0.0,0.0,0.0,0.0,0.0
9,9,0,0,0,0,0,0,0,0,0,0,0,0,0,0,0.0,0.0,0.0,0.0,0.0,0.0,0.0,0.0,0.0,0.0,0.0,0.0,0.0,0.0,0.0,0.0,0.0,0.0,0.0,0.0,0.0,0.0,0.0,0.0,0.0,0.0,0.0,0.0,0.0,0.0,0.0,0.0,0.0,0.0,0.0,0.0,0.0,0.0,0.0,0.0,0.0,0.0
10,10,0,0,0,0,0,0,0,0,0,0,0,0,0,0,0.0,0.0,0.0,0.0,0.0,0.0,0.0,0.0,0.0,0.0,0.0,0.0,0.0,0.0,0.0,0.0,0.0,0.0,0.0,0.0,0.0,0.0,0.0,0.0,0.0,0.0,0.0,0.0,0.0,0.0,0.0,0.0,0.0,0.0,0.0,0.0,0.0,0.0,0.0,0.0,0.0,0.0
11,11,0,0,0,0,0,0,0,0,0,0,0,0,0,0,0.0,0.0,0.0,0.0,0.0,0.0,0.0,0.0,0.0,0.0,0.0,0.0,0.0,0.0,0.0,0.0,0.0,0.0,0.0,0.0,0.0,0.0,0.0,0.0,0.0,0.0,0.0,0.0,0.0,0.0,0.0,0.0,0.0,0.0,0.0,0.0,0.0,0.0,0.0,0.0,0.0,0.0
12,12,0,0,0,0,0,0,0,0,0,0,0,0,0,0,0.0,0.0,0.0,0.0,0.0,0.0,0.0,0.0,0.0,0.0,0.0,0.0,0.0,0.0,0.0,0.0,0.0,0.0,0.0,0.0,0.0,0.0,0.0,0.0,0.0,0.0,0.0,0.0,0.0,0.0,0.0,0.0,0.0,0.0,0.0,0.0,0.0,0.0,0.0,0.0,0.0,0.0
13,13,0,0,0,0,0,0,0,0,0,0,0,0,0,0,0.0,0.0,0.0,0.0,0.0,0.0,0.0,0.0,0.0,0.0,0.0,0.0,0.0,0.0,0.0,0.0,0.0,0.0,0.0,0.0,0.0,0.0,0.0,0.0,0.0,0.0,0.0,0.0,0.0,0.0,0.0,0.0,0.0,0.0,0.0,0.0,0.0,0.0,0.0,0.0,0.0,0.0
14,14,0,0,0,0,0,0,0,0,0,0,0,0,0,0,0.0,0.0,0.0,0.0,0.0,0.0,0.0,0.0,0.0,0.0,0.0,0.0,0.0,0.0,0.0,0.0,0.0,0.0,0.0,0.0,0.0,0.0,0.0,0.0,0.0,0.0,0.0,0.0,0.0,0.0,0.0,0.0,0.0,0.0,0.0,0.0,0.0,0.0,0.0,0.0,0.0,0.0
15,15,0,0,0,0,0,0,0,0,0,0,0,0,0,0,0.0,0.0,0.0,0.0,0.0,0.0,0.0,0.0,0.0,0.0,0.0,0.0,0.0,0.0,0.0,0.0,0.0,0.0,0.0,0.0,0.0,0.0,0.0,0.0,0.0,0.0,0.0,0.0,0.0,0.0,0.0,0.0,0.0,0.0,0.0,0.0,0.0,0.0,0.0,0.0,0.0,0.0
16,16,0,0,0,0,0,0,0,0,0,0,0,0,0,0,0.0,0.0,0.0,0.0,0.0,0.0,0.0,0.0,0.0,0.0,0.0,0.0,0.0,0.0,0.0,0.0,0.0,0.0,0.0,0.0,0.0,0.0,0.0,0.0,0.0,0.0,0.0,0.0,0.0,0.0,0.0,0.0,0.0,0.0,0.0,0.0,0.0,0.0,0.0,0.0,0.0,0.0
17,17,0,0,0,0,0,0,0,0,0,0,0,0,0,0,0.0,0.0,0.0,0.0,0.0,0.0,0.0,0.0,0.0,0.0,0.0,0.0,0.0,0.0,0.0,0.0,0.0,0.0,0.0,0.0,0.0,0.0,0.0,0.0,0.0,0.0,0.0,0.0,0.0,0.0,0.0,0.0,0.0,0.0,0.0,0.0,0.0,0.0,0.0,0.0,0.0,0.0
18,18,0,0,0,0,0,0,0,0,0,0,0,0,0,0,0.0,0.0,0.0,0.0,0.0,0.0,0.0,0.0,0.0,0.0,0.0,0.0,0.0,0.0,0.0,0.0,0.0,0.0,0.0,0.0,0.0,0.0,0.0,0.0,0.0,0.0,0.0,0.0,0.0,0.0,0.0,0.0,0.0,0.0,0.0,0.0,0.0,0.0,0.0,0.0,0.0,0.0
19,19,0,0,0,0,0,0,0,0,0,0,0,0,0,0,0.0,0.0,0.0,0.0,0.0,0.0,0.0,0.0,0.0,0.0,0.0,0.0,0.0,0.0,0.0,0.0,0.0,0.0,0.0,0.0,0.0,0.0,0.0,0.0,0.0,0.0,0.0,0.0,0.0,0.0,0.0,0.0,0.0,0.0,0.0,0.0,0.0,0.0,0.0,0.0,0.0,0.0
20,20,0,0,0,0,0,0,0,0,0,0,0,0,0,0,0.0,0.0,0.0,0.0,0.0,0.0,0.0,0.0,0.0,0.0,0.0,0.0,0.0,0.0,0.0,0.0,0.0,0.0,0.0,0.0,0.0,0.0,0.0,0.0,0.0,0.0,0.0,0.0,0.0,0.0,0.0,0.0,0.0,0.0,0.0,0.0,0.0,0.0,0.0,0.0,0.0,0.0
21,21,0,0,0,0,0,0,0,0,0,0,0,0,0,0,0.0,0.0,0.0,0.0,0.0,0.0,0.0,0.0,0.0,0.0,0.0,0.0,0.0,0.0,0.0,0.0,0.0,0.0,0.0,0.0,0.0,0.0,0.0,0.0,0.0,0.0,0.0,0.0,0.0,0.0,0.0,0.0,0.0,0.0,0.0,0.0,0.0,0.0,0.0,0.0,0.0,0.0
22,22,0,0,0,0,0,0,0,0,0,0,0,0,0,0,0.0,0.0,0.0,0.0,0.0,0.0,0.0,0.0,0.0,0.0,0.0,0.0,0.0,0.0,0.0,0.0,0.0,0.0,0.0,0.0,0.0,0.0,0.0,0.0,0.0,0.0,0.0,0.0,0.0,0.0,0.0,0.0,0.0,0.0,0.0,0.0,0.0,0.0,0.0,0.0,0.0,0.0
23,23,0,0,0,0,0,0,0,0,0,0,0,0,0,0,0.0,0.0,0.0,0.0,0.0,0.0,0.0,0.0,0.0,0.0,0.0,0.0,0.0,0.0,0.0,0.0,0.0,0.0,0.0,0.0,0.0,0.0,0.0,0.0,0.0,0.0,0.0,0.0,0.0,0.0,0.0,0.0,0.0,0.0,0.0,0.0,0.0,0.0,0.0,0.0,0.0,0.0
24,24,0,0,0,0,0,0,0,0,0,0,0,0,0,0,0.0,0.0,0.0,0.0,0.0,0.0,0.0,0.0,0.0,0.0,0.0,0.0,0.0,0.0,0.0,0.0,0.0,0.0,0.0,0.0,0.0,0.0,0.0,0.0,0.0,0.0,0.0,0.0,0.0,0.0,0.0,0.0,0.0,0.0,0.0,0.0,0.0,0.0,0.0,0.0,0.0,0.0
25,25,1,0,0,0,1,0,0,0,0,0,0,0,0,1,1.0,0.0,0.0,0.0,1.0,0.0,0.0,0.0,0.0,0.0,0.0,0.0,0.0,1.0,0.06340217329969637,0.0,0.0,0.0,0.037007554352069885,0.0,0.0,0.0,0.0,0.0,0.0,0.0,0.0,0.5435255239586051,0.06340217329969637,0.0,0.0,0.0,0.037007554352069885,0.0,0.0,0.0,0.0,0.0,0.0,0.0,0.0,0.5435255239586051
26,26,1,0,0,0,1,0,0,0,0,0,0,0,0,1,0.0,0.0,0.0,0.0,0.0,0.0,0.0,0.0,0.0,0.0,0.0,0.0,0.0,0.0,0.06340217329969637,0.0,0.0,0.0,0.037007554352069885,0.0,0.0,0.0,0.0,0.0,0.0,0.0,0.0,0.5435255239586051,0.0,0.0,0.0,0.0,0.0,0.0,0.0,0.0,0.0,0.0,0.0,0.0,0.0,0.0
27,27,1,0,0,0,1,0,0,0,0,0,0,0,0,1,0.0,0.0,0.0,0.0,0.0,0.0,0.0,0.0,0.0,0.0,0.0,0.0,0.0,0.0,0.06340217329969637,0.0,0.0,0.0,0.037007554352069885,0.0,0.0,0.0,0.0,0.0,0.0,0.0,0.0,0.5435255239586051,0.0,0.0,0.0,0.0,0.0,0.0,0.0,0.0,0.0,0.0,0.0,0.0,0.0,0.0
28,28,1,0,0,0,1,0,0,0,0,0,0,0,0,1,0.0,0.0,0.0,0.0,0.0,0.0,0.0,0.0,0.0,0.0,0.0,0.0,0.0,0.0,0.06340217329969637,0.0,0.0,0.0,0.037007554352069885,0.0,0.0,0.0,0.0,0.0,0.0,0.0,0.0,0.5435255239586051,0.0,0.0,0.0,0.0,0.0,0.0,0.0,0.0,0.0,0.0,0.0,0.0,0.0,0.0
29,29,1,0,0,0,1,0,0,0,0,0,0,0,0,1,0.0,0.0,0.0,0.0,0.0,0.0,0.0,0.0,0.0,0.0,0.0,0.0,0.0,0.0,0.06340217329969637,0.0,0.0,0.0,0.037007554352069885,0.0,0.0,0.0,0.0,0.0,0.0,0.0,0.0,0.5435255239586051,0.0,0.0,0.0,0.0,0.0,0.0,0.0,0.0,0.0,0.0,0.0,0.0,0.0,0.0
30,30,1,0,0,0,1,0,0,0,0,0,0,0,0,1,0.0,0.0,0.0,0.0,0.0,0.0,0.0,0.0,0.0,0.0,0.0,0.0,0.0,0.0,0.06340217329969637,0.0,0.0,0.0,0.037007554352069885,0.0,0.0,0.0,0.0,0.0,0.0,0.0,0.0,0.5435255239586051,0.0,0.0,0.0,0.0,0.0,0.0,0.0,0.0,0.0,0.0,0.0,0.0,0.0,0.0
31,31,1,0,0,0,1,0,0,0,0,0,0,0,0,1,0.0,0.0,0.0,0.0,0.0,0.0,0.0,0.0,0.0,0.0,0.0,0.0,0.0,0.0,0.06340217329969637,0.0,0.0,0.0,0.037007554352069885,0.0,0.0,0.0,0.0,0.0,0.0,0.0,0.0,0.5435255239586051,0.0,0.0,0.0,0.0,0.0,0.0,0.0,0.0,0.0,0.0,0.0,0.0,0.0,0.0
32,32,1,0,0,0,1,0,0,0,0,0,0,0,0,1,0.0,0.0,0.0,0.0,0.0,0.0,0.0,0.0,0.0,0.0,0.0,0.0,0.0,0.0,0.06340217329969637,0.0,0.0,0.0,0.037007554352069885,0.0,0.0,0.0,0.0,0.0,0.0,0.0,0.0,0.5435255239586051,0.0,0.0,0.0,0.0,0.0,0.0,0.0,0.0,0.0,0.0,0.0,0.0,0.0,0.0
33,33,1,0,0,0,1,0,0,0,0,0,0,0,0,1,0.0,0.0,0.0,0.0,0.0,0.0,0.0,0.0,0.0,0.0,0.0,0.0,0.0,0.0,0.06340217329969637,0.0,0.0,0.0,0.037007554352069885,0.0,0.0,0.0,0.0,0.0,0.0,0.0,0.0,0.5435255239586051,0.0,0.0,0.0,0.0,0.0,0.0,0.0,0.0,0.0,0.0,0.0,0.0,0.0,0.0
34,34,1,0,0,0,1,0,0,0,0,0,0,0,0,1,0.0,0.0,0.0,0.0,0.0,0.0,0.0,0.0,0.0,0.0,0.0,0.0,0.0,0.0,0.06340217329969637,0.0,0.0,0.0,0.037007554352069885,0.0,0.0,0.0,0.0,0.0,0.0,0.0,0.0,0.5435255239586051,0.0,0.0,0.0,0.0,0.0,0.0,0.0,0.0,0.0,0.0,0.0,0.0,0.0,0.0
35,35,1,0,0,0,1,0,0,0,0,0,0,0,0,1,0.0,0.0,0.0,0.0,0.0,0.0,0.0,0.0,0.0,0.0,0.0,0.0,0.0,0.0,0.06340217329969637,0.0,0.0,0.0,0.037007554352069885,0.0,0.0,0.0,0.0,0.0,0.0,0.0,0.0,0.5435255239586051,0.0,0.0,0.0,0.0,0.0,0.0,0.0,0.0,0.0,0.0,0.0,0.0,0.0,0.0
36,36,1,0,0,0,1,0,0,0,0,0,0,0,0,1,0.0,0.0,0.0,0.0,0.0,0.0,0.0,0.0,0.0,0.0,0.0,0.0,0.0,0.0,0.06340217329969637,0.0,0.0,0.0,0.037007554352069885,0.0,0.0,0.0,0.0,0.0,0.0,0.0,0.0,0.5435255239586051,0.0,0.0,0.0,0.0,0.0,0.0,0.0,0.0,0.0,0.0,0.0,0.0,0.0,0.0
37,37,1,0,0,0,1,0,0,0,0,0,0,0,0,1,0.0,0.0,0.0,0.0,0.0,0.0,0.0,0.0,0.0,0.0,0.0,0.0,0.0,0.0,0.06340217329969637,0.0,0.0,0.0,0.037007554352069885,0.0,0.0,0.0,0.0,0.0,0.0,0.0,0.0,0.5435255239586051,0.0,0.0,0.0,0.0,0.0,0.0,0.0,0.0,0.0,0.0,0.0,0.0,0.0,0.0
38,38,1,0,0,0,1,0,0,0,0,0,0,0,0,1,0.0,0.0,0.0,0.0,0.0,0.0,0.0,0.0,0.0,0.0,0.0,0.0,0.0,0.0,0.06340217329969637,0.0,0.0,0.0,0.037007554352069885,0.0,0.0,0.0,0.0,0.0,0.0,0.0,0.0,0.5435255239586051,0.0,0.0,0.0,0.0,0.0,0.0,0.0,0.0,0.0,0.0,0.0,0.0,0.0,0.0
39,39,2,0,0,0,2,0,0,0,0,0,0,0,1,1,1.0,0.0,0.0,0.0,1.0,0.0,0.0,0.0,0.0,0.0,0.0,0.0,1.0,0.0,0.12680434659939274,0.0,0.0,0.0,0.07401510870413977,0.0,0.0,0.0,0.0,0.0,0.0,0.0,0.25480498500472665,0.5435255239586051,0.06340217329969637,0.0,0.0,0.0,0.037007554352069885,0.0,0.0,0.0,0.0,0.0,0.0,0.0,0.25480498500472665,0.0
40,40,2,0,0,0,2,0,0,0,0,0,0,0,1,1,0.0,0.0,0.0,0.0,0.0,0.0,0.0,0.0,0.0,0.0,0.0,0.0,0.0,0.0,0.12680434659939274,0.0,0.0,0.0,0.07401510870413977,0.0,0.0,0.0,0.0,0.0,0.0,0.0,0.25480498500472665,0.5435255239586051,0.0,0.0,0.0,0.0,0.0,0.0,0.0,0.0,0.0,0.0,0.0,0.0,0.0,0.0
41,41,2,0,0,0,2,0,0,0,0,0,0,0,1,1,0.0,0.0,0.0,0.0,0.0,0.0,0.0,0.0,0.0,0.0,0.0,0.0,0.0,0.0,0.12680434659939274,0.0,0.0,0.0,0.07401510870413977,0.0,0.0,0.0,0.0,0.0,0.0,0.0,0.25480498500472665,0.5435255239586051,0.0,0.0,0.0,0.0,0.0,0.0,0.0,0.0,0.0,0.0,0.0,0.0,0.0,0.0
42,42,2,0,0,0,2,0,0,0,0,0,0,0,1,1,0.0,0.0,0.0,0.0,0.0,0.0,0.0,0.0,0.0,0.0,0.0,0.0,0.0,0.0,0.12680434659939274,0.0,0.0,0.0,0.07401510870413977,0.0,0.0,0.0,0.0,0.0,0.0,0.0,0.25480498500472665,0.5435255239586051,0.0,0.0,0.0,0.0,0.0,0.0,0.0,0.0,0.0,0.0,0.0,0.0,0.0,0.0
43,43,2,0,0,0,2,0,0,0,0,0,0,0,1,1,0.0,0.0,0.0,0.0,0.0,0.0,0.0,0.0,0.0,0.0,0.0,0.0,0.0,0.0,0.12680434659939274,0.0,0.0,0.0,0.07401510870413977,0.0,0.0,0.0,0.0,0.0,0.0,0.0,0.25480498500472665,0.5435255239586051,0.0,0.0,0.0,0.0,0.0,0.0,0.0,0.0,0.0,0.0,0.0,0.0,0.0,0.0
44,44,2,0,1,0,3,0,0,0,0,0,1,0,1,1,0.0,0.0,1.0,0.0,1.0,0.0,0.0,0.0,0.0,0.0,1.0,0.0,0.0,0.0,0.12680434659939274,0.0,0.03333957894778956,0.0,0.11102266305620966,0.0,0.0,0.0,0.0,0.0,0.11764733564078975,0.0,0.25480498500472665,0.5435255239586051,0.0,0.0,0.03333957894778956,0.0,0.037007554352069885,0.0,0.0,0.0,0.0,0.0,0.11764733564078975,0.0,0.0,0.0
45,45,2,0,1,0,3,0,0,0,0,0,1,0,1,1,0.0,0.0,0.0,0.0,0.0,0.0,0.0,0.0,0.0,0.0,0.0,0.0,0.0,0.0,0.12680434659939274,0.0,0.03333957894778956,0.0,0.11102266305620966,0.0,0.0,0.0,0.0,0.0,0.11764733564078975,0.0,0.25480498500472665,0.5435255239586051,0.0,0.0,0.0,0.0,0.0,0.0,0.0,0.0,0.0,0.0,0.0,0.0,0.0,0.0
46,46,3,0,1,1,3,0,0,0,0,0,1,0,2,1,1.0,0.0,0.0,1.0,0.0,0.0,0.0,0.0,0.0,0.0,0.0,0.0,1.0,0.0,0.1902065198990891,0.0,0.03333957894778956,0.032290907493976936,0.11102266305620966,0.0,0.0,0.0,0.0,0.0,0.11764733564078975,0.0,0.5096099700094533,0.5435255239586051,0.06340217329969637,0.0,0.0,0.032290907493976936,0.0,0.0,0.0,0.0,0.0,0.0,0.0,0.0,0.25480498500472665,0.0
47,47,4,0,2,2,4,0,0,0,0,0,1,0,2,3,1.0,0.0,1.0,1.0,1.0,0.0,0.0,0.0,0.0,0.0,0.0,0.0,0.0,2.0,0.2536086931987855,0.0,0.06667915789557911,0.06458181498795387,0.14803021740827954,0.0,0.0,0.0,0.0,0.0,0.11764733564078975,0.0,0.5096099700094533,1.6305765718758152,0.06340217329969637,0.0,0.03333957894778956,0.032290907493976936,0.037007554352069885,0.0,0.0,0.0,0.0,0.0,0.0,0.0,0.0,1.0870510479172102
48,48,4,0,3,3,4,0,0,0,0,1,1,0,2,3,0.0,0.0,1.0,1.0,0.0,0.0,0.0,0.0,0.0,1.0,0.0,0.0,0.0,0.0,0.2536086931987855,0.0,0.10001873684336865,0.09687272248193081,0.14803021740827954,0.0,0.0,0.0,0.0,0.1371597238700439,0.11764733564078975,0.0,0.5096099700094533,1.6305765718758152,0.0,0.0,0.03333957894778956,0.032290907493976936,0.0,0.0,0.0,0.0,0.0,0.1371597238700439,0.0,0.0,0.0,0.0
49,49,4,0,3,3,4,0,0,0,0,1,1,0,2,3,0.0,0.0,0.0,0.0,0.0,0.0,0.0,0.0,0.0,0.0,0.0,0.0,0.0,0.0,0.2536086931987855,0.0,0.10001873684336865,0.09687272248193081,0.14803021740827954,0.0,0.0,0.0,0.0,0.1371597238700439,0.11764733564078975,0.0,0.5096099700094533,1.6305765718758152,0.0,0.0,0.0,0.0,0.0,0.0,0.0,0.0,0.0,0.0,0.0,0.0,0.0,0.0
50,50,5,0,3,4,4,0,0,0,0,1,1,0,3,3,1.0,0.0,0.0,1.0,0.0,0.0,0.0,0.0,0.0,0.0,0.0,0.0,1.0,0.0,0.31701086649848187,0.0,0.10001873684336865,0.12916362997590775,0.14803021740827954,0.0,0.0,0.0,0.0,0.1371597238700439,0.11764733564078975,0.0,0.7644149550141798,1.6305765718758152,0.06340217329969637,0.0,0.0,0.032290907493976936,0.0,0.0,0.0,0.0,0.0,0.0,0.0,0.0,0.25480498500472665,0.0
51,51,5,0,3,4,4,0,0,0,0,1,1,0,3,3,0.0,0.0,0.0,0.0,0.0,0.0,0.0,0.0,0.0,0.0,0.0,0.0,0.0,0.0,0.31701086649848187,0.0,0.10001873684336865,0.12916362997590775,0.14803021740827954,0.0,0.0,0.0,0.0,0.1371597238700439,0.11764733564078975,0.0,0.7644149550141798,1.6305765718758152,0.0,0.0,0.0,0.0,0.0,0.0,0.0,0.0,0.0,0.0,0.0,0.0,0.0,0.0
52,52,6,0,3,4,5,0,0,0,0,1,2,0,3,3,1.0,0.0,0.0,0.0,1.0,0.0,0.0,0.0,0.0,0.0,1.0,0.0,0.0,0.0,0.3804130397981782,0.0,0.10001873684336865,0.12916362997590775,0.18503777176034944,0.0,0.0,0.0,0.0,0.1371597238700439,0.2352946712815795,0.0,0.7644149550141798,1.6305765718758152,0.06340217329969637,0.0,0.0,0.0,0.037007554352069885,0.0,0.0,0.0,0.0,0.0,0.11764733564078975,0.0,0.0,0.0
53,53,6,0,3,4,5,0,0,0,0,1,2,0,3,3,0.0,0.0,0.0,0.0,0.0,0.0,0.0,0.0,0.0,0.0,0.0,0.0,0.0,0.0,0.3804130397981782,0.0,0.10001873684336865,0.12916362997590775,0.18503777176034944,0.0,0.0,0.0,0.0,0.1371597238700439,0.2352946712815795,0.0,0.7644149550141798,1.6305765718758152,0.0,0.0,0.0,0.0,0.0,0.0,0.0,0.0,0.0,0.0,0.0,0.0,0.0,0.0
54,54,6,0,4,4,6,0,0,0,0,1,2,0,3,4,0.0,0.0,1.0,0.0,1.0,0.0,0.0,0.0,0.0,0.0,0.0,0.0,0.0,1.0,0.3804130397981782,0.0,0.13335831579115823,0.12916362997590775,0.2220453261124193,0.0,0.0,0.0,0.0,0.1371597238700439,0.2352946712815795,0.0,0.7644149550141798,2.1741020958344204,0.0,0.0,0.03333957894778956,0.0,0.037007554352069885,0.0,0.0,0.0,0.0,0.0,0.0,0.0,0.0,0.5435255239586051
55,55,6,0,4,4,6,0,0,0,0,1,2,0,3,4,0.0,0.0,0.0,0.0,0.0,0.0,0.0,0.0,0.0,0.0,0.0,0.0,0.0,0.0,0.3804130397981782,0.0,0.13335831579115823,0.12916362997590775,0.2220453261124193,0.0,0.0,0.0,0.0,0.1371597238700439,0.2352946712815795,0.0,0.7644149550141798,2.1741020958344204,0.0,0.0,0.0,0.0,0.0,0.0,0.0,0.0,0.0,0.0,0.0,0.0,0.0,0.0
56,56,6,0,5,4,7,0,0,0,0,1,2,1,3,4,0.0,0.0,1.0,0.0,1.0,0.0,0.0,0.0,0.0,0.0,0.0,1.0,0.0,0.0,0.3804130397981782,0.0,0.16669789473894778,0.12916362997590775,0.2590528804644892,0.0,0.0,0.0,0.0,0.1371597238700439,0.2352946712815795,0.14489183824275179,0.7644149550141798,2.1741020958344204,0.0,0.0,0.03333957894778956,0.0,0.037007554352069885,0.0,0.0,0.0,0.0,0.0,0.0,0.14489183824275179,0.0,0.0
57,57,7,0,7,6,8,0,0,0,0,1,3,1,5,4,1.0,0.0,2.0,2.0,1.0,0.0,0.0,0.0,0.0,0.0,1.0,0.0,2.0,0.0,0.4438152130978746,0.0,0.23337705263452688,0.19374544496386162,0.2960604348165591,0.0,0.0,0.0,0.0,0.1371597238700439,0.35294200692236927,0.14489183824275179,1.274024925023633,2.1741020958344204,0.06340217329969637,0.0,0.06667915789557911,0.06458181498795387,0.037007554352069885,0.0,0.0,0.0,0.0,0.0,0.11764733564078975,0.0,0.5096099700094533,0.0
58,58,9,0,8,7,10,0,0,0,0,1,4,2,6,4,2.0,0.0,1.0,1.0,2.0,0.0,0.0,0.0,0.0,0.0,1.0,1.0,1.0,0.0,0.5706195596972673,0.0,0.26671663158231645,0.22603635245783857,0.3700755435206989,0.0,0.0,0.0,0.0,0.1371597238700439,0.470589342563159,0.28978367648550357,1.5288299100283596,2.1741020958344204,0.12680434659939274,0.0,0.03333957894778956,0.032290907493976936,0.07401510870413977,0.0,0.0,0.0,0.0,0.0,0.11764733564078975,0.14489183824275179,0.25480498500472665,0.0
59,59,10,0,10,9,11,0,0,0,0,1,5,2,7,5,1.0,0.0,2.0,2.0,1.0,0.0,0.0,0.0,0.0,0.0,1.0,0.0,1.0,1.0,0.6340217329969637,0.0,0.33339578947789555,0.29061816744579244,0.40708309787276875,0.0,0.0,0.0,0.0,0.1371597238700439,0.5882366782039486,0.28978367648550357,1.7836348950330863,2.7176276197930256,0.06340217329969637,0.0,0.06667915789557911,0.06458181498795387,0.037007554352069885,0.0,0.0,0.0,0.0,0.0,0.11764733564078975,0.0,0.25480498500472665,0.5435255239586051
60,60,10,0,10,9,11,0,0,0,0,1,5,2,7,5,0.0,0.0,0.0,0.0,0.0,0.0,0.0,0.0,0.0,0.0,0.0,0.0,0.0,0.0,0.6340217329969637,0.0,0.33339578947789555,0.29061816744579244,0.40708309787276875,0.0,0.0,0.0,0.0,0.1371597238700439,0.5882366782039486,0.28978367648550357,1.7836348950330863,2.7176276197930256,0.0,0.0,0.0,0.0,0.0,0.0,0.0,0.0,0.0,0.0,0.0,0.0,0.0,0.0
61,61,10,0,11,9,12,0,0,0,0,1,5,2,7,6,0.0,0.0,1.0,0.0,1.0,0.0,0.0,0.0,0.0,0.0,0.0,0.0,0.0,1.0,0.6340217329969637,0.0,0.3667353684256851,0.29061816744579244,0.4440906522248386,0.0,0.0,0.0,0.0,0.1371597238700439,0.5882366782039486,0.28978367648550357,1.7836348950330863,3.2611531437516303,0.0,0.0,0.03333957894778956,0.0,0.037007554352069885,0.0,0.0,0.0,0.0,0.0,0.0,0.0,0.0,0.5435255239586051
62,62,12,0,16,14,14,0,0,0,0,3,6,4,8,7,2.0,0.0,5.0,5.0,2.0,0.0,0.0,0.0,0.0,2.0,1.0,2.0,1.0,1.0,0.7608260795963564,0.0,0.5334332631646329,0.45207270491567714,0.5181057609289784,0.0,0.0,0.0,0.0,0.4114791716101317,0.7058840138447385,0.5795673529710071,2.038439880037813,3.8046786677102356,0.12680434659939274,0.0,0.16669789473894778,0.1614545374698847,0.07401510870413977,0.0,0.0,0.0,0.0,0.2743194477400878,0.11764733564078975,0.28978367648550357,0.25480498500472665,0.5435255239586051
63,63,13,0,17,16,14,0,0,0,0,3,6,5,8,8,1.0,0.0,1.0,2.0,0.0,0.0,0.0,0.0,0.0,0.0,0.0,1.0,0.0,1.0,0.8242282528960527,0.0,0.5667728421124224,0.516654519903631,0.5181057609289784,0.0,0.0,0.0,0.0,0.4114791716101317,0.7058840138447385,0.7244591912137589,2.038439880037813,4.348204191668841,0.06340217329969637,0.0,0.03333957894778956,0.06458181498795387,0.0,0.0,0.0,0.0,0.0,0.0,0.0,0.14489183824275179,0.0,0.5435255239586051
64,64,14,0,23,17,20,0,0,0,0,4,6,8,11,8,1.0,0.0,6.0,1.0,6.0,0.0,0.0,0.0,0.0,1.0,0.0,3.0,3.0,0.0,0.8876304261957492,0.0,0.7668103157991597,0.548945427397608,0.7401510870413978,0.0,0.0,0.0,0.0,0.5486388954801756,0.7058840138447385,1.1591347059420143,2.802854835051993,4.348204191668841,0.06340217329969637,0.0,0.2000374736867373,0.032290907493976936,0.2220453261124193,0.0,0.0,0.0,0.0,0.1371597238700439,0.0,0.4346755147282554,0.7644149550141798,0.0
65,65,15,0,24,20,21,0,0,0,0,4,7,9,11,10,1.0,0.0,1.0,3.0,1.0,0.0,0.0,0.0,0.0,0.0,1.0,1.0,0.0,2.0,0.9510325994954456,0.0,0.8001498947469492,0.6458181498795388,0.7771586413934676,0.0,0.0,0.0,0.0,0.5486388954801756,0.8235313494855282,1.304026544184766,2.802854835051993,5.435255239586051,0.06340217329969637,0.0,0.03333957894778956,0.09687272248193081,0.037007554352069885,0.0,0.0,0.0,0.0,0.0,0.11764733564078975,0.14489183824275179,0.0,1.0870510479172102
66,66,17,0,25,22,23,0,0,0,0,4,7,10,12,12,2.0,0.0,1.0,2.0,2.0,0.0,0.0,0.0,0.0,0.0,0.0,1.0,1.0,2.0,1.0778369460948383,0.0,0.8334894736947388,0.7103999648674927,0.8511737500976074,0.0,0.0,0.0,0.0,0.5486388954801756,0.8235313494855282,1.4489183824275178,3.057659820056719,6.522306287503261,0.12680434659939274,0.0,0.03333957894778956,0.06458181498795387,0.07401510870413977,0.0,0.0,0.0,0.0,0.0,0.0,0.14489183824275179,0.25480498500472665,1.0870510479172102
67,67,20,0,33,30,27,0,0,0,0,4,8,12,14,19,3.0,0.0,8.0,8.0,4.0,0.0,0.0,0.0,0.0,0.0,1.0,2.0,2.0,7.0,1.2680434659939275,0.0,1.100206105277055,0.9687272248193081,0.9992039675058869,0.0,0.0,0.0,0.0,0.5486388954801756,0.941178685126318,1.7387020589130215,3.5672697900661725,10.326984955213497,0.1902065198990891,0.0,0.26671663158231645,0.2583272599518155,0.14803021740827954,0.0,0.0,0.0,0.0,0.0,0.11764733564078975,0.28978367648550357,0.5096099700094533,3.8046786677102356
68,68,21,0,39,33,31,0,0,0,0,5,8,16,16,19,1.0,0.0,6.0,3.0,4.0,0.0,0.0,0.0,0.0,1.0,0.0,4.0,2.0,0.0,1.3314456392936236,0.0,1.3002435789637925,1.065599947301239,1.1472341849141665,0.0,0.0,0.0,0.0,0.6857986193502196,0.941178685126318,2.3182694118840286,4.076879760075626,10.326984955213497,0.06340217329969637,0.0,0.2000374736867373,0.09687272248193081,0.14803021740827954,0.0,0.0,0.0,0.0,0.1371597238700439,0.0,0.5795673529710071,0.5096099700094533,0.0
69,69,21,0,45,40,33,0,0,0,0,7,8,18,19,21,0.0,0.0,6.0,7.0,2.0,0.0,0.0,0.0,0.0,2.0,0.0,2.0,3.0,2.0,1.3314456392936236,0.0,1.50028105265053,1.2916362997590776,1.2212492936183064,0.0,0.0,0.0,0.0,0.9601180670903073,0.941178685126318,2.608053088369532,4.841294715089806,11.414036003130708,0.0,0.0,0.2000374736867373,0.22603635245783857,0.07401510870413977,0.0,0.0,0.0,0.0,0.2743194477400878,0.0,0.28978367648550357,0.7644149550141798,1.0870510479172102
70,70,23,0,48,41,38,0,0,0,0,7,8,21,22,21,2.0,0.0,3.0,1.0,5.0,0.0,0.0,0.0,0.0,0.0,0.0,3.0,3.0,0.0,1.4582499858930165,0.0,1.6002997894938984,1.3239272072530544,1.4062870653786559,0.0,0.0,0.0,0.0,0.9601180670903073,0.941178685126318,3.0427286030977876,5.605709670103986,11.414036003130708,0.12680434659939274,0.0,0.10001873684336865,0.032290907493976936,0.18503777176034944,0.0,0.0,0.0,0.0,0.0,0.0,0.4346755147282554,0.7644149550141798,0.0
71,71,26,0,57,52,42,0,0,0,0,8,8,24,27,27,3.0,0.0,9.0,11.0,4.0,0.0,0.0,0.0,0.0,1.0,0.0,3.0,5.0,6.0,1.6484565057921055,0.0,1.9003560000240045,1.679127189686801,1.5543172827869352,0.0,0.0,0.0,0.0,1.0972777909603513,0.941178685126318,3.477404117826043,6.87973459512762,14.675189146882339,0.1902065198990891,0.0,0.300056210530106,0.35519998243374634,0.14803021740827954,0.0,0.0,0.0,0.0,0.1371597238700439,0.0,0.4346755147282554,1.274024925023633,3.2611531437516303
72,72,31,1,59,60,44,0,0,0,0,8,9,26,29,32,5.0,1.0,2.0,8.0,2.0,0.0,0.0,0.0,0.0,0.0,1.0,2.0,2.0,5.0,1.9654673722905873,0.1901668523962925,1.9670351579195837,1.9374544496386161,1.628332391491075,0.0,0.0,0.0,0.0,1.0972777909603513,1.0588260207671076,3.767187794311546,7.389344565137073,17.392816766675363,0.31701086649848187,0.1901668523962925,0.06667915789557911,0.2583272599518155,0.07401510870413977,0.0,0.0,0.0,0.0,0.0,0.11764733564078975,0.28978367648550357,0.5096099700094533,2.7176276197930256
73,73,33,2,63,66,48,0,0,0,0,10,11,27,31,35,2.0,1.0,4.0,6.0,4.0,0.0,0.0,0.0,0.0,2.0,2.0,1.0,2.0,3.0,2.09227171888998,0.380333704792585,2.1003934737107417,2.131199894602478,1.7763626088993545,0.0,0.0,0.0,0.0,1.3715972387004391,1.2941206920486872,3.912079632554298,7.898954535146525,19.023393338551177,0.12680434659939274,0.1901668523962925,0.13335831579115823,0.19374544496386162,0.14803021740827954,0.0,0.0,0.0,0.0,0.2743194477400878,0.2352946712815795,0.14489183824275179,0.5096099700094533,1.6305765718758152
74,74,42,3,71,75,57,0,1,0,0,10,11,32,36,42,9.0,1.0,8.0,9.0,9.0,0.0,1.0,0.0,0.0,0.0,0.0,5.0,5.0,7.0,2.662891278587247,0.5705005571888775,2.367110105293058,2.42181806204827,2.1094305980679837,0.0,0.1387803703492963,0.0,0.0,1.3715972387004391,1.2941206920486872,4.636538823768057,9.17297946017016,22.828072006261415,0.5706195596972673,0.1901668523962925,0.26671663158231645,0.29061816744579244,0.333067989168629,0.0,0.1387803703492963,0.0,0.0,0.0,0.0,0.7244591912137589,1.274024925023633,3.8046786677102356
75,75,46,3,84,86,66,0,1,0,0,10,12,34,44,51,4.0,0.0,13.0,11.0,9.0,0.0,0.0,0.0,0.0,0.0,1.0,2.0,8.0,9.0,2.916499971786033,0.5705005571888775,2.8005246316143224,2.7770180444820167,2.4424985872366127,0.0,0.1387803703492963,0.0,0.0,1.3715972387004391,1.411768027689477,4.92632250025356,11.211419340207971,27.719801721888864,0.2536086931987855,0.0,0.4334145263212642,0.35519998243374634,0.333067989168629,0.0,0.0,0.0,0.0,0.0,0.11764733564078975,0.28978367648550357,2.038439880037813,4.891729715627446
76,76,49,3,99,96,78,0,1,1,0,10,12,41,50,59,3.0,0.0,15.0,10.0,12.0,0.0,0.0,1.0,0.0,0.0,0.0,7.0,6.0,8.0,3.106706491685122,0.5705005571888775,3.300618315831166,3.099927119421786,2.8865892394614514,0.0,0.1387803703492963,0.14246028919438708,0.0,1.3715972387004391,1.411768027689477,5.940565367952823,12.740249250236332,32.068005913557705,0.1902065198990891,0.0,0.5000936842168433,0.3229090749397694,0.4440906522248386,0.0,0.0,0.14246028919438708,0.0,0.0,0.0,1.0142428676992625,1.5288299100283596,4.348204191668841
77,77,55,3,116,112,89,0,1,1,0,12,13,44,57,73,6.0,0.0,17.0,16.0,11.0,0.0,0.0,0.0,0.0,2.0,1.0,3.0,7.0,14.0,3.4871195314833003,0.5705005571888775,3.867391157943588,3.616581639325417,3.29367233733422,0.0,0.1387803703492963,0.14246028919438708,0.0,1.6459166864405268,1.5294153633302667,6.375240882681078,14.523884145269419,39.677363248978175,0.3804130397981782,0.0,0.5667728421124224,0.516654519903631,0.40708309787276875,0.0,0.0,0.0,0.0,0.2743194477400878,0.11764733564078975,0.4346755147282554,1.7836348950330863,7.609357335420471
78,78,57,4,136,126,102,0,1,1,0,12,14,47,70,83,2.0,1.0,20.0,14.0,13.0,0.0,0.0,0.0,0.0,0.0,1.0,3.0,13.0,10.0,3.6139238780826926,0.76066740958517,4.534182736899379,4.068654344241094,3.7747705439111283,0.0,0.1387803703492963,0.14246028919438708,0.0,1.6459166864405268,1.6470626989710564,6.809916397409333,17.836348950330866,45.11261848856422,0.12680434659939274,0.1901668523962925,0.6667915789557911,0.45207270491567714,0.48109820657690855,0.0,0.0,0.0,0.0,0.0,0.11764733564078975,0.4346755147282554,3.3124648050614462,5.435255239586051
79,79,62,5,156,143,115,0,1,1,0,12,15,53,82,94,5.0,1.0,20.0,17.0,13.0,0.0,0.0,0.0,0.0,0.0,1.0,6.0,12.0,11.0,3.9309347445811746,0.9508342619814626,5.20097431585517,4.6175997716387025,4.2558687504880375,0.0,0.1387803703492963,0.14246028919438708,0.0,1.6459166864405268,1.764710034611846,7.679267426865845,20.894008770387583,51.09139925210887,0.31701086649848187,0.1901668523962925,0.6667915789557911,0.548945427397608,0.48109820657690855,0.0,0.0,0.0,0.0,0.0,0.11764733564078975,0.8693510294565108,3.057659820056719,5.978780763544656
80,80,68,5,173,159,127,0,2,1,0,13,18,57,92,103,6.0,0.0,17.0,16.0,12.0,0.0,1.0,0.0,0.0,1.0,3.0,4.0,10.0,9.0,4.311347784379353,0.9508342619814626,5.767747157967593,5.134254291542333,4.699959402712876,0.0,0.2775607406985926,0.14246028919438708,0.0,1.783076410310571,2.1176520415342153,8.258834779836851,23.44205862043485,55.98312896773633,0.3804130397981782,0.0,0.5667728421124224,0.516654519903631,0.4440906522248386,0.0,0.1387803703492963,0.0,0.0,0.1371597238700439,0.35294200692236927,0.5795673529710071,2.548049850047266,4.891729715627446
81,81,74,8,196,184,141,0,2,1,0,16,23,63,100,120,6.0,3.0,23.0,25.0,14.0,0.0,0.0,0.0,0.0,3.0,5.0,6.0,8.0,17.0,4.691760824177531,1.52133481917034,6.5345574737667524,5.941526978891757,5.218065163641854,0.0,0.2775607406985926,0.14246028919438708,0.0,2.1945555819207025,2.705888719738164,9.128185809293361,25.480498500472663,65.22306287503261,0.3804130397981782,0.5705005571888775,0.7668103157991597,0.8072726873494236,0.5181057609289784,0.0,0.0,0.0,0.0,0.4114791716101317,0.5882366782039486,0.8693510294565108,2.038439880037813,9.239933907296287
82,82,80,11,222,205,157,0,2,1,0,18,27,69,110,135,6.0,3.0,26.0,21.0,16.0,0.0,0.0,0.0,0.0,2.0,4.0,6.0,10.0,15.0,5.07217386397571,2.0918353763592177,7.401386526409281,6.619636036265272,5.810186033274972,0.0,0.2775607406985926,0.14246028919438708,0.0,2.46887502966079,3.1764780623013227,9.997536838749873,28.028548350519927,73.37594573441169,0.3804130397981782,0.5705005571888775,0.8668290526425284,0.6781090573735158,0.5921208696331182,0.0,0.0,0.0,0.0,0.2743194477400878,0.470589342563159,0.8693510294565108,2.548049850047266,8.152882859379076
83,83,89,12,243,228,170,0,2,1,0,20,31,76,115,153,9.0,1.0,21.0,23.0,13.0,0.0,0.0,0.0,0.0,2.0,4.0,7.0,5.0,18.0,5.642793423672977,2.28200222875551,8.101517684312862,7.362326908626742,6.291284239851881,0.0,0.2775607406985926,0.14246028919438708,0.0,2.7431944774008783,3.647067404864482,11.011779706449136,29.302573275543562,83.15940516566657,0.5706195596972673,0.1901668523962925,0.7001311579035806,0.7426908723614696,0.48109820657690855,0.0,0.0,0.0,0.0,0.2743194477400878,0.470589342563159,1.0142428676992625,1.274024925023633,9.783459431254892
84,84,102,12,265,252,186,0,2,1,1,22,31,81,131,169,13.0,0.0,22.0,24.0,16.0,0.0,0.0,0.0,1.0,2.0,0.0,5.0,16.0,16.0,6.467021676569029,2.28200222875551,8.834988421164232,8.137308688482188,6.883405109484999,0.0,0.2775607406985926,0.14246028919438708,0.1187176123513804,3.017513925140966,3.647067404864482,11.736238897662895,33.37945303561919,91.85581354900425,0.8242282528960527,0.0,0.7334707368513702,0.7749817798554465,0.5921208696331182,0.0,0.0,0.0,0.1187176123513804,0.2743194477400878,0.0,0.7244591912137589,4.076879760075626,8.696408383337682
85,85,114,14,297,282,208,0,2,2,1,23,38,88,150,186,12.0,2.0,32.0,30.0,22.0,0.0,0.0,1.0,0.0,1.0,7.0,7.0,19.0,17.0,7.227847756165385,2.6623359335480954,9.901854947493497,9.106035913301497,7.697571305230537,0.0,0.2775607406985926,0.28492057838877416,0.1187176123513804,3.15467364901101,4.47059875435001,12.750481765362156,38.220747750708995,101.09574745630054,0.7608260795963564,0.380333704792585,1.0668665263292658,0.9687272248193081,0.8141661957455375,0.0,0.0,0.14246028919438708,0.0,0.1371597238700439,0.8235313494855282,1.0142428676992625,4.841294715089806,9.239933907296287
86,86,119,16,327,307,225,0,2,2,2,25,40,101,160,200,5.0,2.0,30.0,25.0,17.0,0.0,0.0,0.0,1.0,2.0,2.0,13.0,10.0,14.0,7.544858622663867,3.04266963834068,10.902042315927183,9.91330860065092,8.326699729215726,0.0,0.2775607406985926,0.28492057838877416,0.2374352247027608,3.4289930967510975,4.705893425631589,14.63407566251793,40.76879760075626,108.70510479172103,0.31701086649848187,0.380333704792585,1.0001873684336866,0.8072726873494236,0.6291284239851881,0.0,0.0,0.0,0.1187176123513804,0.2743194477400878,0.2352946712815795,1.883593897155773,2.548049850047266,7.609357335420471
87,87,133,17,364,346,244,0,2,2,2,25,47,113,182,217,14.0,1.0,37.0,39.0,19.0,0.0,0.0,0.0,0.0,0.0,7.0,12.0,22.0,17.0,8.432489048859617,3.2328364907369727,12.135606736995397,11.172653992916022,9.029843261905052,0.0,0.2775607406985926,0.28492057838877416,0.2374352247027608,3.4289930967510975,5.529424775117118,16.372777721430953,46.37450727086025,117.9450386990173,0.8876304261957492,0.1901668523962925,1.2335644210682135,1.2593453922651006,0.7031435326893279,0.0,0.0,0.0,0.0,0.0,0.8235313494855282,1.7387020589130215,5.605709670103986,9.239933907296287
88,88,149,17,400,371,275,0,2,2,4,25,53,125,201,234,16.0,0.0,36.0,25.0,31.0,0.0,0.0,0.0,2.0,0.0,6.0,12.0,19.0,17.0,9.446923821654758,3.2328364907369727,13.33583157911582,11.979926680265445,10.17707744681922,0.0,0.2775607406985926,0.28492057838877416,0.4748704494055216,3.4289930967510975,6.235308788961856,18.111479780343974,51.21580198595005,127.18497260631358,1.014434772795142,0.0,1.200224842120424,0.8072726873494236,1.1472341849141665,0.0,0.0,0.0,0.2374352247027608,0.0,0.7058840138447385,1.7387020589130215,4.841294715089806,9.239933907296287
89,89,165,20,447,413,304,0,2,2,4,29,60,141,215,264,16.0,3.0,47.0,42.0,29.0,0.0,0.0,0.0,0.0,4.0,7.0,16.0,14.0,30.0,10.461358594449901,3.8033370479258504,14.90279178966193,13.336144795012475,11.250296523029247,0.0,0.2775607406985926,0.28492057838877416,0.4748704494055216,3.9776319922312737,7.058840138447384,20.429749192228,54.78307177601623,143.49073832507173,1.014434772795142,0.5705005571888775,1.566960210546109,1.3562181147470316,1.0732190762100267,0.0,0.0,0.0,0.0,0.5486388954801756,0.8235313494855282,2.3182694118840286,3.5672697900661725,16.305765718758153
90,90,178,22,493,451,332,0,2,2,4,30,68,153,235,289,13.0,2.0,46.0,38.0,28.0,0.0,0.0,0.0,0.0,1.0,8.0,12.0,20.0,25.0,11.285586847345954,4.183670752718435,16.436412421260247,14.563199279783598,12.286508044887203,0.0,0.2775607406985926,0.28492057838877416,0.4748704494055216,4.114791716101317,8.000018823573702,22.168451251141022,59.87917147611076,157.07887642403688,0.8242282528960527,0.380333704792585,1.5336206315983194,1.2270544847711238,1.0362115218579568,0.0,0.0,0.0,0.0,0.1371597238700439,0.941178685126318,1.7387020589130215,5.096099700094532,13.588138098965128
91,91,197,23,539,494,364,0,2,2,6,32,74,161,258,323,19.0,1.0,46.0,43.0,32.0,0.0,0.0,0.0,2.0,2.0,6.0,8.0,23.0,34.0,12.490228140040184,4.373837605114727,17.970033052858568,15.951708302024608,13.47074978415344,0.0,0.2775607406985926,0.28492057838877416,0.7123056741082823,4.389111163841405,8.70590283741844,23.327585957083038,65.73968613121947,175.55874423862946,1.204641292694231,0.1901668523962925,1.5336206315983194,1.3885090222410084,1.1842417392662363,0.0,0.0,0.0,0.2374352247027608,0.2743194477400878,0.7058840138447385,1.1591347059420143,5.860514655108712,18.479867814592573
92,92,207,29,574,528,385,0,2,2,7,33,83,169,275,342,10.0,6.0,35.0,34.0,21.0,0.0,0.0,0.0,1.0,1.0,9.0,8.0,17.0,19.0,13.124249873037149,5.514838719492483,19.136918316031203,17.049599156819824,14.247908425546907,0.0,0.2775607406985926,0.28492057838877416,0.8310232864596627,4.526270887711449,9.76472885818555,24.486720663025054,70.07137087629982,185.88572919384293,0.6340217329969637,1.141001114377755,1.1668852631726343,1.097890854795216,0.7771586413934676,0.0,0.0,0.0,0.1187176123513804,0.1371597238700439,1.0588260207671076,1.1591347059420143,4.331684745080352,10.326984955213497
93,93,223,32,615,565,413,0,2,3,7,34,88,182,288,374,16.0,3.0,41.0,37.0,28.0,0.0,0.0,1.0,0.0,1.0,5.0,13.0,13.0,32.0,14.138684645832289,6.08533927668136,20.503841052890575,18.24436273409697,15.284119947404863,0.0,0.2775607406985926,0.4273808675831612,0.8310232864596627,4.663430611581493,10.352965536389497,26.370314560180823,73.38383568136128,203.2785459605183,1.014434772795142,0.5705005571888775,1.3669227368593717,1.1947635772771468,1.0362115218579568,0.0,0.0,0.14246028919438708,0.0,0.1371597238700439,0.5882366782039486,1.883593897155773,3.3124648050614462,17.392816766675363
94,94,238,33,664,608,445,0,2,3,7,37,91,194,308,411,15.0,1.0,49.0,43.0,32.0,0.0,0.0,0.0,0.0,3.0,3.0,12.0,20.0,37.0,15.089717245327734,6.275506129077653,22.137480421332263,19.63287175633798,16.4683616866711,0.0,0.2775607406985926,0.4273808675831612,0.8310232864596627,5.074909783191624,10.705907543311866,28.109016619093847,78.4799353814558,223.38899034698667,0.9510325994954456,0.1901668523962925,1.6336393684416881,1.3885090222410084,1.1842417392662363,0.0,0.0,0.0,0.0,0.4114791716101317,0.35294200692236927,1.7387020589130215,5.096099700094532,20.110444386468387
95,95,256,34,717,661,471,0,2,4,8,37,98,208,327,448,18.0,1.0,53.0,53.0,26.0,0.0,0.0,1.0,1.0,0.0,7.0,14.0,19.0,37.0,16.23095636472227,6.465672981473945,23.904478105565108,21.344289853518756,17.430558099824918,0.0,0.2775607406985926,0.5698411567775483,0.9497408988110432,5.074909783191624,11.529438892797394,30.13750235449237,83.3212300965456,243.49943473345508,1.1412391193945346,0.1901668523962925,1.766997684232846,1.7114180971807778,0.9621964131538171,0.0,0.0,0.14246028919438708,0.1187176123513804,0.0,0.8235313494855282,2.028485735398525,4.841294715089806,20.110444386468387
96,96,277,37,761,703,503,1,2,4,8,39,106,213,355,478,21.0,3.0,44.0,42.0,32.0,1.0,0.0,0.0,0.0,2.0,8.0,5.0,28.0,30.0,17.562402004015894,7.0361735386628235,25.37141957926785,22.700507968265786,18.61479983909115,0.14525087731529898,0.2775607406985926,0.5698411567775483,0.9497408988110432,5.349229230931712,12.470617577923711,30.86196154570613,90.45576967667796,259.8052004522132,1.3314456392936236,0.5705005571888775,1.4669414737027404,1.3562181147470316,1.1842417392662363,0.14525087731529898,0.0,0.0,0.0,0.2743194477400878,0.941178685126318,0.7244591912137589,7.134539580132345,16.305765718758153
97,97,294,41,814,750,540,1,2,4,10,41,112,228,375,517,17.0,4.0,53.0,47.0,37.0,0.0,0.0,0.0,2.0,2.0,6.0,15.0,20.0,39.0,18.64023895011073,7.796840948247993,27.138417263500692,24.218180620482705,19.98407935011774,0.14525087731529898,0.2775607406985926,0.5698411567775483,1.1871761235138039,5.6235486786718,13.176501591768451,33.035339119347405,95.55186937677249,281.0026958865989,1.0778369460948383,0.76066740958517,1.766997684232846,1.517672652216916,1.3692795110265858,0.0,0.0,0.0,0.2374352247027608,0.2743194477400878,0.7058840138447385,2.173377573641277,5.096099700094532,21.197495434385598
98,98,314,42,859,793,571,1,2,4,11,43,118,241,390,554,20.0,1.0,45.0,43.0,31.0,0.0,0.0,0.0,1.0,2.0,6.0,13.0,15.0,37.0,19.908282416104658,7.987007800644285,28.638698316151224,25.606689642723712,21.131313535031907,0.14525087731529898,0.2775607406985926,0.5698411567775483,1.3058937358651843,5.897868126411888,13.882385605613191,34.918933016503175,99.37394415184338,301.11314027306724,1.2680434659939275,0.1901668523962925,1.50028105265053,1.3885090222410084,1.1472341849141665,0.0,0.0,0.0,0.1187176123513804,0.2743194477400878,0.7058840138447385,1.883593897155773,3.8220747750708997,20.110444386468387
99,99,340,47,905,845,609,1,2,5,12,45,125,254,420,590,26.0,5.0,46.0,52.0,38.0,0.0,0.0,1.0,1.0,2.0,7.0,13.0,30.0,36.0,21.556738921896763,8.937842062625748,30.17231894774954,27.285816832410514,22.53760060041056,0.14525087731529898,0.2775607406985926,0.7123014459719353,1.4246113482165645,6.172187574151976,14.705916955098719,36.80252691365895,107.0180937019852,320.680059135577,1.6484565057921055,0.9508342619814626,1.5336206315983194,1.679127189686801,1.4062870653786559,0.0,0.0,0.14246028919438708,0.1187176123513804,0.2743194477400878,0.8235313494855282,1.883593897155773,7.644149550141799,19.566918862509784
100,100,363,48,949,886,641,1,2,5,13,46,129,267,434,630,23.0,1.0,44.0,41.0,32.0,0.0,0.0,0.0,1.0,1.0,4.0,13.0,14.0,40.0,23.014988907789782,9.12800891502204,31.639260421452285,28.609744039663568,23.721842339676797,0.14525087731529898,0.2775607406985926,0.7123014459719353,1.543328960567945,6.30934729802202,15.176506297661875,38.68612081081473,110.58536349205137,342.4210800939212,1.4582499858930165,0.1901668523962925,1.4669414737027404,1.3239272072530544,1.1842417392662363,0.0,0.0,0.0,0.1187176123513804,0.1371597238700439,0.470589342563159,1.883593897155773,3.5672697900661725,21.741020958344205
101,101,382,51,1004,940,674,1,2,5,13,48,133,287,460,665,19.0,3.0,55.0,54.0,33.0,0.0,0.0,0.0,0.0,2.0,4.0,20.0,26.0,35.0,24.219630200484012,9.698509472210917,33.47293726358071,30.353453044338323,24.943091633295108,0.14525087731529898,0.2775607406985926,0.7123014459719353,1.543328960567945,6.583666745762107,15.647095640225036,41.583957575669764,117.21029310217425,361.4444734324724,1.204641292694231,0.5705005571888775,1.8336768421284253,1.7437090046747548,1.2212492936183064,0.0,0.0,0.0,0.0,0.2743194477400878,0.470589342563159,2.8978367648550356,6.6249296101228925,19.023393338551177
102,102,399,54,1060,985,710,1,2,5,13,51,137,297,483,706,17.0,3.0,56.0,45.0,36.0,0.0,0.0,0.0,0.0,3.0,4.0,10.0,23.0,41.0,25.29746714657885,10.269010029399796,35.339953684656926,31.806543881567283,26.27536358996962,0.14525087731529898,0.2775607406985926,0.7123014459719353,1.543328960567945,6.9951459173722395,16.117684982788195,43.03287595809728,123.07080775728298,383.72901991477517,1.0778369460948383,0.5705005571888775,1.867016421076215,1.4530908372289622,1.332271956674516,0.0,0.0,0.0,0.0,0.4114791716101317,0.470589342563159,1.4489183824275178,5.860514655108712,22.28454648230281
103,103,419,56,1099,1016,744,1,2,5,13,52,146,304,499,738,20.0,2.0,39.0,31.0,34.0,0.0,0.0,0.0,0.0,1.0,9.0,7.0,16.0,32.0,26.56551061257278,10.649343734192382,36.64019726362072,32.80756201388057,27.533620437939994,0.14525087731529898,0.2775607406985926,0.7123014459719353,1.543328960567945,7.132305641242284,17.176511003555305,44.047118825796545,127.14768751735859,401.12183668145053,1.2680434659939275,0.380333704792585,1.3002435789637925,1.0010181323132852,1.2582568479703762,0.0,0.0,0.0,0.0,0.1371597238700439,1.0588260207671076,1.0142428676992625,4.076879760075626,17.392816766675363
104,104,434,57,1160,1063,780,1,3,5,13,53,150,320,525,773,15.0,1.0,61.0,47.0,36.0,0.0,1.0,0.0,0.0,1.0,4.0,16.0,26.0,35.0,27.516543212068225,10.839510586588673,38.67391157943588,34.32523466609749,28.865892394614512,0.14525087731529898,0.4163411110478889,0.7123014459719353,1.543328960567945,7.269465365112326,17.64710034611846,46.36538823768057,133.77261712748148,420.14523002000175,0.9510325994954456,0.1901668523962925,2.0337143158151627,1.517672652216916,1.332271956674516,0.0,0.1387803703492963,0.0,0.0,0.1371597238700439,0.470589342563159,2.3182694118840286,6.6249296101228925,19.023393338551177
105,105,447,64,1209,1110,808,1,3,5,13,55,158,334,537,812,13.0,7.0,49.0,47.0,28.0,0.0,0.0,0.0,0.0,2.0,8.0,14.0,12.0,39.0,28.340771464964273,12.17067855336272,40.30755094787757,35.8429073183144,29.90210391647247,0.14525087731529898,0.4163411110478889,0.7123014459719353,1.543328960567945,7.543784812852414,18.588279031244777,48.393873973079096,136.83027694753818,441.34272545438733,0.8242282528960527,1.3311679667740477,1.6336393684416881,1.517672652216916,1.0362115218579568,0.0,0.0,0.0,0.0,0.2743194477400878,0.941178685126318,2.028485735398525,3.057659820056719,21.197495434385598
106,106,466,66,1261,1142,850,1,3,5,13,55,164,347,551,853,19.0,2.0,52.0,32.0,42.0,0.0,0.0,0.0,0.0,0.0,6.0,13.0,14.0,41.0,29.545412757658504,12.551012258155305,42.041209053162625,36.87621635812166,31.456421199259402,0.14525087731529898,0.4163411110478889,0.7123014459719353,1.543328960567945,7.543784812852414,19.29416304508952,50.277467870234865,140.39754673760436,463.62727193669014,1.204641292694231,0.380333704792585,1.7336581052850568,1.033309039807262,1.5543172827869352,0.0,0.0,0.0,0.0,0.0,0.7058840138447385,1.883593897155773,3.5672697900661725,22.28454648230281
107,107,485,67,1308,1180,882,1,3,5,14,55,173,358,560,893,19.0,1.0,47.0,38.0,32.0,0.0,0.0,0.0,1.0,0.0,9.0,11.0,9.0,40.0,30.75005405035274,12.741179110551599,43.60816926370873,38.10327084289279,32.640662938525644,0.14525087731529898,0.4163411110478889,0.7123014459719353,1.6620465729193254,7.543784812852414,20.352989065856626,51.871278090905136,142.69079160264693,485.36829289503436,1.204641292694231,0.1901668523962925,1.566960210546109,1.2270544847711238,1.1842417392662363,0.0,0.0,0.0,0.1187176123513804,0.0,1.0588260207671076,1.5938102206702696,2.29324486504254,21.741020958344205
108,108,498,69,1345,1211,909,1,3,5,14,57,177,367,573,923,13.0,2.0,37.0,31.0,27.0,0.0,0.0,0.0,0.0,2.0,4.0,9.0,13.0,30.0,31.57428230324879,13.121512815344184,44.84173368477695,39.104288975206074,33.63986690603153,0.14525087731529898,0.4163411110478889,0.7123014459719353,1.6620465729193254,7.818104260592503,20.823578408419785,53.17530463508991,146.00325640770836,501.6740586137925,0.8242282528960527,0.380333704792585,1.2335644210682135,1.0010181323132852,0.9992039675058869,0.0,0.0,0.0,0.0,0.2743194477400878,0.470589342563159,1.304026544184766,3.3124648050614462,16.305765718758153
109,109,511,70,1390,1249,936,1,3,5,14,57,184,373,586,962,13.0,1.0,45.0,38.0,27.0,0.0,0.0,0.0,0.0,0.0,7.0,6.0,13.0,39.0,32.39851055614484,13.311679667740476,46.342014737427476,40.3313434599772,34.63907087353742,0.14525087731529898,0.4163411110478889,0.7123014459719353,1.6620465729193254,7.818104260592503,21.647109757905312,54.04465566454642,149.31572121276983,522.871554048178,0.8242282528960527,0.1901668523962925,1.50028105265053,1.2270544847711238,0.9992039675058869,0.0,0.0,0.0,0.0,0.0,0.8235313494855282,0.8693510294565108,3.3124648050614462,21.197495434385598
110,110,523,72,1422,1278,954,1,3,5,15,58,187,377,601,985,12.0,2.0,32.0,29.0,18.0,0.0,0.0,0.0,1.0,1.0,3.0,4.0,15.0,23.0,33.1593366357412,13.69201337253306,47.40888126375674,41.26777977730253,35.30520685187467,0.14525087731529898,0.4163411110478889,0.7123014459719353,1.780764185270706,7.9552639844625475,22.00005176482768,54.62422301751742,153.1377959878407,535.372641099226,0.7608260795963564,0.380333704792585,1.0668665263292658,0.9364363173253312,0.666135978337258,0.0,0.0,0.0,0.1187176123513804,0.1371597238700439,0.35294200692236927,0.5795673529710071,3.8220747750708997,12.501087051047918
111,111,533,74,1446,1295,976,1,3,5,15,59,188,381,617,1002,10.0,2.0,24.0,17.0,22.0,0.0,0.0,0.0,0.0,1.0,1.0,4.0,16.0,17.0,33.79335836873816,14.072347077325647,48.20903115850369,41.816725204700134,36.11937304762021,0.14525087731529898,0.4163411110478889,0.7123014459719353,1.780764185270706,8.09242370833259,22.11769910046847,55.20379037048843,157.21467574791635,544.6125750065223,0.6340217329969637,0.380333704792585,0.8001498947469492,0.548945427397608,0.8141661957455375,0.0,0.0,0.0,0.0,0.1371597238700439,0.11764733564078975,0.5795673529710071,4.076879760075626,9.239933907296287
112,112,550,74,1484,1325,1002,1,3,5,15,60,192,389,630,1032,17.0,0.0,38.0,30.0,26.0,0.0,0.0,0.0,0.0,1.0,4.0,8.0,13.0,30.0,34.871195314833,14.072347077325647,49.4759351585197,42.785452429519445,37.08156946077403,0.14525087731529898,0.4163411110478889,0.7123014459719353,1.780764185270706,8.229583432202634,22.588288443031633,56.36292507643044,160.52714055297778,560.9183407252805,1.0778369460948383,0.0,1.266904000016003,0.9687272248193081,0.9621964131538171,0.0,0.0,0.0,0.0,0.1371597238700439,0.470589342563159,1.1591347059420143,3.3124648050614462,16.305765718758153
113,113,556,75,1518,1356,1015,1,3,5,15,60,198,400,641,1048,6.0,1.0,34.0,31.0,13.0,0.0,0.0,0.0,0.0,0.0,6.0,11.0,11.0,16.0,35.25160835463118,14.262513929721939,50.609480842744546,43.78647056183273,37.56266766735094,0.14525087731529898,0.4163411110478889,0.7123014459719353,1.780764185270706,8.229583432202634,23.29417245687637,57.956735297100714,163.32999538802977,569.6147491086182,0.3804130397981782,0.1901668523962925,1.1335456842248448,1.0010181323132852,0.48109820657690855,0.0,0.0,0.0,0.0,0.0,0.7058840138447385,1.5938102206702696,2.802854835051993,8.696408383337682
114,114,571,78,1540,1382,1031,1,3,5,15,61,200,407,656,1065,15.0,3.0,22.0,26.0,16.0,0.0,0.0,0.0,0.0,1.0,2.0,7.0,15.0,17.0,36.20264095412662,14.833014486910814,51.34295157959591,44.62603415667613,38.15478853698405,0.14525087731529898,0.4163411110478889,0.7123014459719353,1.780764185270706,8.366743156072678,23.52946712815795,58.97097816479998,167.15207016310066,578.8546830159144,0.9510325994954456,0.5705005571888775,0.7334707368513702,0.8395635948434005,0.5921208696331182,0.0,0.0,0.0,0.0,0.1371597238700439,0.2352946712815795,1.0142428676992625,3.8220747750708997,9.239933907296287
115,115,575,79,1569,1404,1045,1,3,5,16,62,201,414,664,1083,4.0,1.0,29.0,22.0,14.0,0.0,0.0,0.0,1.0,1.0,1.0,7.0,8.0,18.0,36.456249647325414,15.023181339307106,52.3097993690818,45.33643412154362,38.67289429791303,0.14525087731529898,0.4163411110478889,0.7123014459719353,1.8994817976220864,8.503902879942721,23.64711446379874,59.98522103249923,169.1905100431385,588.6381424471693,0.2536086931987855,0.1901668523962925,0.966847789485897,0.7103999648674927,0.5181057609289784,0.0,0.0,0.0,0.1187176123513804,0.1371597238700439,0.11764733564078975,1.0142428676992625,2.038439880037813,9.783459431254892
116,116,585,80,1588,1424,1057,1,3,5,16,63,204,421,673,1095,10.0,1.0,19.0,20.0,12.0,0.0,0.0,0.0,0.0,1.0,3.0,7.0,9.0,12.0,37.09027138032238,15.213348191703401,52.943251369089815,45.982252271423164,39.11698495013787,0.14525087731529898,0.4163411110478889,0.7123014459719353,1.8994817976220864,8.641062603812767,24.000056470721105,60.9994639001985,171.48375490818103,595.1604487346725,0.6340217329969637,0.1901668523962925,0.6334520000080015,0.6458181498795388,0.4440906522248386,0.0,0.0,0.0,0.0,0.1371597238700439,0.35294200692236927,1.0142428676992625,2.29324486504254,6.522306287503261
117,117,597,81,1611,1450,1069,1,3,5,16,63,205,428,683,1115,12.0,1.0,23.0,26.0,12.0,0.0,0.0,0.0,0.0,0.0,1.0,7.0,10.0,20.0,37.85109745991873,15.403515044099693,53.71006168488897,46.82181586626656,39.56107560236271,0.14525087731529898,0.4163411110478889,0.7123014459719353,1.8994817976220864,8.641062603812767,24.117703806361895,62.013706767897766,174.0318047582283,606.0309592138447,0.7608260795963564,0.1901668523962925,0.7668103157991597,0.8395635948434005,0.4440906522248386,0.0,0.0,0.0,0.0,0.0,0.11764733564078975,1.0142428676992625,2.548049850047266,10.870510479172102
118,118,601,81,1633,1466,1082,1,3,5,16,64,206,434,695,1124,4.0,0.0,22.0,16.0,13.0,0.0,0.0,0.0,0.0,1.0,1.0,6.0,12.0,9.0,38.10470615311751,15.403515044099693,54.443532421740336,47.338470386170194,40.042173808939616,0.14525087731529898,0.4163411110478889,0.7123014459719353,1.8994817976220864,8.77822232768281,24.23535114200269,62.883057797354276,177.089464578285,610.9226889294721,0.2536086931987855,0.0,0.7334707368513702,0.516654519903631,0.48109820657690855,0.0,0.0,0.0,0.0,0.1371597238700439,0.11764733564078975,0.8693510294565108,3.057659820056719,4.891729715627446
119,119,609,82,1651,1487,1092,1,3,5,16,64,207,441,704,1138,8.0,1.0,18.0,21.0,10.0,0.0,0.0,0.0,0.0,0.0,1.0,7.0,9.0,14.0,38.61192353951509,15.593681896495985,55.04364484280055,48.01657944354371,40.412249352460314,0.14525087731529898,0.4163411110478889,0.7123014459719353,1.8994817976220864,8.77822232768281,24.352998477643478,63.89730066505354,179.38270944332754,618.5320462648926,0.507217386397571,0.1901668523962925,0.600112421060212,0.6781090573735158,0.3700755435206989,0.0,0.0,0.0,0.0,0.0,0.11764733564078975,1.0142428676992625,2.29324486504254,7.609357335420471
120,120,615,82,1665,1503,1098,1,3,5,16,64,209,445,710,1148,6.0,0.0,14.0,16.0,6.0,0.0,0.0,0.0,0.0,0.0,2.0,4.0,6.0,10.0,38.99233657931327,15.593681896495985,55.51039894806961,48.53323396344734,40.634294678572736,0.14525087731529898,0.4163411110478889,0.7123014459719353,1.8994817976220864,8.77822232768281,24.588293148925057,64.47686801802455,180.91153935335592,623.9673015044787,0.3804130397981782,0.0,0.46675410526905375,0.516654519903631,0.2220453261124193,0.0,0.0,0.0,0.0,0.0,0.2352946712815795,0.5795673529710071,1.5288299100283596,5.435255239586051
121,121,622,83,1685,1527,1106,1,3,5,16,64,211,452,714,1167,7.0,1.0,20.0,24.0,8.0,0.0,0.0,0.0,0.0,0.0,2.0,7.0,4.0,19.0,39.43615179241114,15.783848748892279,56.17719052702539,49.30821574330278,40.9303551133893,0.14525087731529898,0.4163411110478889,0.7123014459719353,1.8994817976220864,8.77822232768281,24.823587820206637,65.49111088572381,181.93075929337482,634.2942864596922,0.4438152130978746,0.1901668523962925,0.6667915789557911,0.7749817798554465,0.2960604348165591,0.0,0.0,0.0,0.0,0.0,0.2352946712815795,1.0142428676992625,1.0192199400189066,10.326984955213497
122,122,628,83,1692,1536,1110,1,3,5,16,65,212,454,718,1172,6.0,0.0,7.0,9.0,4.0,0.0,0.0,0.0,0.0,1.0,1.0,2.0,4.0,5.0,39.816564832209316,15.783848748892279,56.41056757965992,49.598833910748574,41.07838533079758,0.14525087731529898,0.4163411110478889,0.7123014459719353,1.8994817976220864,8.915382051552854,24.941235155847423,65.78089456220931,182.94997923339372,637.0119140794852,0.3804130397981782,0.0,0.23337705263452688,0.29061816744579244,0.14803021740827954,0.0,0.0,0.0,0.0,0.1371597238700439,0.11764733564078975,0.28978367648550357,1.0192199400189066,2.7176276197930256
123,123,631,83,1703,1543,1119,1,3,5,17,65,214,456,723,1178,3.0,0.0,11.0,7.0,9.0,0.0,0.0,0.0,1.0,0.0,2.0,2.0,5.0,6.0,40.00677135210841,15.783848748892279,56.777302948085605,49.824870263206414,41.411453319966206,0.14525087731529898,0.4163411110478889,0.7123014459719353,2.0181994099734664,8.915382051552854,25.176529827129002,66.07067823869481,184.22400415841736,640.2730672232368,0.1902065198990891,0.0,0.3667353684256851,0.22603635245783857,0.333067989168629,0.0,0.0,0.0,0.1187176123513804,0.0,0.2352946712815795,0.28978367648550357,1.274024925023633,3.2611531437516303
124,124,638,84,1713,1558,1124,1,3,5,17,65,215,459,728,1189,7.0,1.0,10.0,15.0,5.0,0.0,0.0,0.0,0.0,0.0,1.0,3.0,5.0,11.0,40.45058656520628,15.97401560128857,57.11069873756351,50.30923387561607,41.596491091726556,0.14525087731529898,0.4163411110478889,0.7123014459719353,2.0181994099734664,8.915382051552854,25.294177162769795,66.50535375342307,185.498029083441,646.2518479867814,0.4438152130978746,0.1901668523962925,0.33339578947789555,0.48436361240965403,0.18503777176034944,0.0,0.0,0.0,0.0,0.0,0.11764733564078975,0.4346755147282554,1.274024925023633,5.978780763544656
125,125,647,85,1731,1573,1141,1,3,5,17,65,216,464,735,1208,9.0,1.0,18.0,15.0,17.0,0.0,0.0,0.0,0.0,0.0,1.0,5.0,7.0,19.0,41.02120612490355,16.164182453684862,57.71081115862371,50.79359748802572,42.22561951571174,0.14525087731529898,0.4163411110478889,0.7123014459719353,2.0181994099734664,8.915382051552854,25.41182449841058,67.22981294463683,187.28166397847409,656.578832941995,0.5706195596972673,0.1901668523962925,0.600112421060212,0.48436361240965403,0.6291284239851881,0.0,0.0,0.0,0.0,0.0,0.11764733564078975,0.7244591912137589,1.7836348950330863,10.326984955213497
126,126,650,85,1745,1580,1152,1,3,5,17,65,218,465,739,1219,3.0,0.0,14.0,7.0,11.0,0.0,0.0,0.0,0.0,0.0,2.0,1.0,4.0,11.0,41.21141264480264,16.164182453684862,58.17756526389277,51.01963384048356,42.63270261358451,0.14525087731529898,0.4163411110478889,0.7123014459719353,2.0181994099734664,8.915382051552854,25.647119169692164,67.37470478287958,188.30088391849299,662.5576137055396,0.1902065198990891,0.0,0.46675410526905375,0.22603635245783857,0.40708309787276875,0.0,0.0,0.0,0.0,0.0,0.2352946712815795,0.14489183824275179,1.0192199400189066,5.978780763544656
127,127,655,85,1756,1590,1158,1,3,5,17,65,219,469,742,1227,5.0,0.0,11.0,10.0,6.0,0.0,0.0,0.0,0.0,0.0,1.0,4.0,3.0,8.0,41.52842351130112,16.164182453684862,58.54430063231845,51.34254291542333,42.854747939696935,0.14525087731529898,0.4163411110478889,0.7123014459719353,2.0181994099734664,8.915382051552854,25.764766505332954,67.95427213585059,189.06529887350715,666.9058178972085,0.31701086649848187,0.0,0.3667353684256851,0.3229090749397694,0.2220453261124193,0.0,0.0,0.0,0.0,0.0,0.11764733564078975,0.5795673529710071,0.7644149550141798,4.348204191668841
128,128,662,85,1774,1605,1169,1,3,5,17,65,220,470,748,1245,7.0,0.0,18.0,15.0,11.0,0.0,0.0,0.0,0.0,0.0,1.0,1.0,6.0,18.0,41.97223872439899,16.164182453684862,59.14441305337867,51.82690652783299,43.2618310375697,0.14525087731529898,0.4163411110478889,0.7123014459719353,2.0181994099734664,8.915382051552854,25.882413840973744,68.09916397409334,190.59412878353552,676.6892773284634,0.4438152130978746,0.0,0.600112421060212,0.48436361240965403,0.40708309787276875,0.0,0.0,0.0,0.0,0.0,0.11764733564078975,0.14489183824275179,1.5288299100283596,9.783459431254892
129,129,663,85,1781,1609,1174,1,3,5,17,65,220,472,752,1248,1.0,0.0,7.0,4.0,5.0,0.0,0.0,0.0,0.0,0.0,0.0,2.0,4.0,3.0,42.03564089769869,16.164182453684862,59.3777901060132,51.9560701578089,43.44686880933005,0.14525087731529898,0.4163411110478889,0.7123014459719353,2.0181994099734664,8.915382051552854,25.882413840973744,68.38894765057884,191.61334872355442,678.3198539003391,0.06340217329969637,0.0,0.23337705263452688,0.12916362997590775,0.18503777176034944,0.0,0.0,0.0,0.0,0.0,0.0,0.28978367648550357,1.0192199400189066,1.6305765718758152
130,130,668,86,1787,1617,1177,1,3,5,17,65,221,475,755,1252,5.0,1.0,6.0,8.0,3.0,0.0,0.0,0.0,0.0,0.0,1.0,3.0,3.0,4.0,42.35265176419718,16.354349306081158,59.577827579699935,52.21439741776071,43.55789147238626,0.14525087731529898,0.4163411110478889,0.7123014459719353,2.0181994099734664,8.915382051552854,26.00006117661453,68.8236231653071,192.3777636785686,680.4939559961737,0.31701086649848187,0.1901668523962925,0.2000374736867373,0.2583272599518155,0.11102266305620966,0.0,0.0,0.0,0.0,0.0,0.11764733564078975,0.4346755147282554,0.7644149550141798,2.1741020958344204
131,131,670,86,1791,1621,1180,1,3,5,17,65,222,475,760,1253,2.0,0.0,4.0,4.0,3.0,0.0,0.0,0.0,0.0,0.0,1.0,0.0,5.0,1.0,42.47945611079656,16.354349306081158,59.71118589549109,52.34356104773662,43.66891413544247,0.14525087731529898,0.4163411110478889,0.7123014459719353,2.0181994099734664,8.915382051552854,26.117708512255323,68.8236231653071,193.65178860359225,681.0374815201321,0.12680434659939274,0.0,0.13335831579115823,0.12916362997590775,0.11102266305620966,0.0,0.0,0.0,0.0,0.0,0.11764733564078975,0.0,1.274024925023633,0.5435255239586051
132,132,676,87,1801,1631,1188,1,3,5,17,65,223,478,768,1259,6.0,1.0,10.0,10.0,8.0,0.0,0.0,0.0,0.0,0.0,1.0,3.0,8.0,6.0,42.85986915059474,16.54451615847745,60.04458168496898,52.66647012267639,43.964974570259024,0.14525087731529898,0.4163411110478889,0.7123014459719353,2.0181994099734664,8.915382051552854,26.23535584789611,69.25829868003535,195.69022848363002,684.2986346638838,0.3804130397981782,0.1901668523962925,0.33339578947789555,0.3229090749397694,0.2960604348165591,0.0,0.0,0.0,0.0,0.0,0.11764733564078975,0.4346755147282554,2.038439880037813,3.2611531437516303
133,133,679,88,1807,1634,1195,1,3,5,17,65,225,480,769,1264,3.0,1.0,6.0,3.0,7.0,0.0,0.0,0.0,0.0,0.0,2.0,2.0,1.0,5.0,43.05007567049383,16.73468301087374,60.24461915865572,52.76334284515831,44.22402745072352,0.14525087731529898,0.4163411110478889,0.7123014459719353,2.0181994099734664,8.915382051552854,26.470650519177696,69.54808235652087,195.9450334686348,687.0162622836768,0.1902065198990891,0.1901668523962925,0.2000374736867373,0.09687272248193081,0.2590528804644892,0.0,0.0,0.0,0.0,0.0,0.2352946712815795,0.28978367648550357,0.25480498500472665,2.7176276197930256
134,134,681,88,1813,1638,1199,1,3,5,17,65,225,481,771,1269,2.0,0.0,6.0,4.0,4.0,0.0,0.0,0.0,0.0,0.0,0.0,1.0,2.0,5.0,43.176880017093225,16.73468301087374,60.44465663234246,52.892506475134226,44.372057668131795,0.14525087731529898,0.4163411110478889,0.7123014459719353,2.0181994099734664,8.915382051552854,26.470650519177696,69.69297419476361,196.45464343864424,689.7338899034698,0.12680434659939274,0.0,0.2000374736867373,0.12916362997590775,0.14803021740827954,0.0,0.0,0.0,0.0,0.0,0.0,0.14489183824275179,0.5096099700094533,2.7176276197930256
135,135,683,88,1821,1645,1204,1,3,5,17,66,225,484,772,1276,2.0,0.0,8.0,7.0,5.0,0.0,0.0,0.0,0.0,1.0,0.0,3.0,1.0,7.0,43.30368436369262,16.73468301087374,60.71137326392477,53.118542827592066,44.557095439892144,0.14525087731529898,0.4163411110478889,0.7123014459719353,2.0181994099734664,9.052541775422897,26.470650519177696,70.12764970949186,196.70944842364895,693.5385685711801,0.12680434659939274,0.0,0.26671663158231645,0.22603635245783857,0.18503777176034944,0.0,0.0,0.0,0.0,0.1371597238700439,0.0,0.4346755147282554,0.25480498500472665,3.8046786677102356
136,136,684,88,1826,1651,1204,1,3,5,17,66,225,486,773,1279,1.0,0.0,5.0,6.0,0.0,0.0,0.0,0.0,0.0,0.0,0.0,2.0,1.0,3.0,43.36708653699232,16.73468301087374,60.87807115866372,53.312288272555925,44.557095439892144,0.14525087731529898,0.4163411110478889,0.7123014459719353,2.0181994099734664,9.052541775422897,26.470650519177696,70.41743338597738,196.9642534086537,695.1691451430559,0.06340217329969637,0.0,0.16669789473894778,0.19374544496386162,0.0,0.0,0.0,0.0,0.0,0.0,0.0,0.28978367648550357,0.25480498500472665,1.6305765718758152
137,137,685,88,1833,1658,1206,1,3,5,17,67,225,487,773,1286,1.0,0.0,7.0,7.0,2.0,0.0,0.0,0.0,0.0,1.0,0.0,1.0,0.0,7.0,43.43048871029201,16.73468301087374,61.11144821129825,53.538324625013765,44.63111054859629,0.14525087731529898,0.4163411110478889,0.7123014459719353,2.0181994099734664,9.18970149929294,26.470650519177696,70.56232522422013,196.9642534086537,698.9738238107661,0.06340217329969637,0.0,0.23337705263452688,0.22603635245783857,0.07401510870413977,0.0,0.0,0.0,0.0,0.1371597238700439,0.0,0.14489183824275179,0.0,3.8046786677102356
138,138,686,89,1838,1664,1208,1,3,5,17,68,225,488,776,1289,1.0,1.0,5.0,6.0,2.0,0.0,0.0,0.0,0.0,1.0,0.0,1.0,3.0,3.0,43.4938908835917,16.924849863270033,61.278146106037205,53.73207006997763,44.70512565730042,0.14525087731529898,0.4163411110478889,0.7123014459719353,2.0181994099734664,9.326861223162986,26.470650519177696,70.70721706246287,197.72866836366785,700.604400382642,0.06340217329969637,0.1901668523962925,0.16669789473894778,0.19374544496386162,0.07401510870413977,0.0,0.0,0.0,0.0,0.1371597238700439,0.0,0.14489183824275179,0.7644149550141798,1.6305765718758152
139,139,688,89,1839,1667,1208,1,3,5,17,68,225,489,776,1291,2.0,0.0,1.0,3.0,0.0,0.0,0.0,0.0,0.0,0.0,0.0,1.0,0.0,2.0,43.6206952301911,16.924849863270033,61.31148568498499,53.82894279245956,44.70512565730042,0.14525087731529898,0.4163411110478889,0.7123014459719353,2.0181994099734664,9.326861223162986,26.470650519177696,70.85210890070562,197.72866836366785,701.6914514305593,0.12680434659939274,0.0,0.03333957894778956,0.09687272248193081,0.0,0.0,0.0,0.0,0.0,0.0,0.0,0.14489183824275179,0.0,1.0870510479172102
140,140,688,90,1841,1669,1209,1,3,5,17,68,225,490,777,1292,0.0,1.0,2.0,2.0,1.0,0.0,0.0,0.0,0.0,0.0,0.0,1.0,1.0,1.0,43.6206952301911,17.115016715666325,61.378164842880565,53.89352460744751,44.742133211652494,0.14525087731529898,0.4163411110478889,0.7123014459719353,2.0181994099734664,9.326861223162986,26.470650519177696,70.99700073894837,197.9834733486726,702.2349769545178,0.0,0.1901668523962925,0.06667915789557911,0.06458181498795387,0.037007554352069885,0.0,0.0,0.0,0.0,0.0,0.0,0.14489183824275179,0.25480498500472665,0.5435255239586051
141,141,689,90,1844,1672,1210,1,3,5,17,68,225,490,777,1296,1.0,0.0,3.0,3.0,1.0,0.0,0.0,0.0,0.0,0.0,0.0,0.0,0.0,4.0,43.684097403490796,17.115016715666325,61.47818357972394,53.99039732992944,44.779140766004566,0.14525087731529898,0.4163411110478889,0.7123014459719353,2.0181994099734664,9.326861223162986,26.470650519177696,70.99700073894837,197.9834733486726,704.4090790503523,0.06340217329969637,0.0,0.10001873684336865,0.09687272248193081,0.037007554352069885,0.0,0.0,0.0,0.0,0.0,0.0,0.0,0.0,2.1741020958344204
142,142,689,90,1848,1677,1210,1,3,5,17,68,225,491,778,1299,0.0,0.0,4.0,5.0,0.0,0.0,0.0,0.0,0.0,0.0,0.0,1.0,1.0,3.0,43.684097403490796,17.115016715666325,61.611541895515096,54.15185186739932,44.779140766004566,0.14525087731529898,0.4163411110478889,0.7123014459719353,2.0181994099734664,9.326861223162986,26.470650519177696,71.14189257719113,198.2382783336773,706.039655622228,0.0,0.0,0.13335831579115823,0.1614545374698847,0.0,0.0,0.0,0.0,0.0,0.0,0.0,0.14489183824275179,0.25480498500472665,1.6305765718758152
143,143,690,90,1851,1681,1211,1,3,5,17,68,225,493,778,1302,1.0,0.0,3.0,4.0,1.0,0.0,0.0,0.0,0.0,0.0,0.0,2.0,0.0,3.0,43.74749957679049,17.115016715666325,61.71156063235846,54.281015497375236,44.81614832035663,0.14525087731529898,0.4163411110478889,0.7123014459719353,2.0181994099734664,9.326861223162986,26.470650519177696,71.43167625367663,198.2382783336773,707.6702321941038,0.06340217329969637,0.0,0.10001873684336865,0.12916362997590775,0.037007554352069885,0.0,0.0,0.0,0.0,0.0,0.0,0.28978367648550357,0.0,1.6305765718758152
144,144,690,90,1852,1681,1212,1,3,5,17,68,225,493,778,1303,0.0,0.0,1.0,0.0,1.0,0.0,0.0,0.0,0.0,0.0,0.0,0.0,0.0,1.0,43.74749957679049,17.115016715666325,61.74490021130625,54.281015497375236,44.853155874708705,0.14525087731529898,0.4163411110478889,0.7123014459719353,2.0181994099734664,9.326861223162986,26.470650519177696,71.43167625367663,198.2382783336773,708.2137577180624,0.0,0.0,0.03333957894778956,0.0,0.037007554352069885,0.0,0.0,0.0,0.0,0.0,0.0,0.0,0.0,0.5435255239586051
145,145,691,90,1854,1682,1214,1,3,5,17,68,225,493,778,1306,1.0,0.0,2.0,1.0,2.0,0.0,0.0,0.0,0.0,0.0,0.0,0.0,0.0,3.0,43.81090175009019,17.115016715666325,61.81157936920183,54.313306404869216,44.92717098341284,0.14525087731529898,0.4163411110478889,0.7123014459719353,2.0181994099734664,9.326861223162986,26.470650519177696,71.43167625367663,198.2382783336773,709.8443342899383,0.06340217329969637,0.0,0.06667915789557911,0.032290907493976936,0.07401510870413977,0.0,0.0,0.0,0.0,0.0,0.0,0.0,0.0,1.6305765718758152
146,146,692,90,1858,1684,1217,1,3,5,17,68,226,494,780,1307,1.0,0.0,4.0,2.0,3.0,0.0,0.0,0.0,0.0,0.0,1.0,1.0,2.0,1.0,43.87430392338989,17.115016715666325,61.944937684992986,54.37788821985716,45.038193646469054,0.14525087731529898,0.4163411110478889,0.7123014459719353,2.0181994099734664,9.326861223162986,26.58829785481848,71.57656809191938,198.74788830368675,710.3878598138969,0.06340217329969637,0.0,0.13335831579115823,0.06458181498795387,0.11102266305620966,0.0,0.0,0.0,0.0,0.0,0.11764733564078975,0.14489183824275179,0.5096099700094533,0.5435255239586051
147,147,694,90,1859,1687,1217,1,3,5,17,68,226,494,781,1309,2.0,0.0,1.0,3.0,0.0,0.0,0.0,0.0,0.0,0.0,0.0,0.0,1.0,2.0,44.00110826998928,17.115016715666325,61.978277263940775,54.474760942339095,45.038193646469054,0.14525087731529898,0.4163411110478889,0.7123014459719353,2.0181994099734664,9.326861223162986,26.58829785481848,71.57656809191938,199.00269328869152,711.474910861814,0.12680434659939274,0.0,0.03333957894778956,0.09687272248193081,0.0,0.0,0.0,0.0,0.0,0.0,0.0,0.0,0.25480498500472665,1.0870510479172102
148,148,694,90,1860,1688,1217,1,3,5,17,68,226,494,782,1309,0.0,0.0,1.0,1.0,0.0,0.0,0.0,0.0,0.0,0.0,0.0,0.0,1.0,0.0,44.00110826998928,17.115016715666325,62.01161684288857,54.50705184983307,45.038193646469054,0.14525087731529898,0.4163411110478889,0.7123014459719353,2.0181994099734664,9.326861223162986,26.58829785481848,71.57656809191938,199.2574982736962,711.474910861814,0.0,0.0,0.03333957894778956,0.032290907493976936,0.0,0.0,0.0,0.0,0.0,0.0,0.0,0.0,0.25480498500472665,0.0
149,149,694,90,1862,1689,1218,1,3,5,17,68,226,494,783,1310,0.0,0.0,2.0,1.0,1.0,0.0,0.0,0.0,0.0,0.0,0.0,0.0,1.0,1.0,44.00110826998928,17.115016715666325,62.07829600078415,54.53934275732704,45.07520120082112,0.14525087731529898,0.4163411110478889,0.7123014459719353,2.0181994099734664,9.326861223162986,26.58829785481848,71.57656809191938,199.51230325870097,712.0184363857727,0.0,0.0,0.06667915789557911,0.032290907493976936,0.037007554352069885,0.0,0.0,0.0,0.0,0.0,0.0,0.0,0.25480498500472665,0.5435255239586051
150,150,697,90,1864,1692,1221,1,3,5,17,68,226,496,783,1314,3.0,0.0,2.0,3.0,3.0,0.0,0.0,0.0,0.0,0.0,0.0,2.0,0.0,4.0,44.19131478988837,17.115016715666325,62.14497515867973,54.63621547980898,45.18622386387733,0.14525087731529898,0.4163411110478889,0.7123014459719353,2.0181994099734664,9.326861223162986,26.58829785481848,71.86635176840488,199.51230325870097,714.1925384816071,0.1902065198990891,0.0,0.06667915789557911,0.09687272248193081,0.11102266305620966,0.0,0.0,0.0,0.0,0.0,0.0,0.28978367648550357,0.0,2.1741020958344204
