,level_0,index,24031_cum_per100k,24037_cum_per100k,24013_cum_per100k,24510_cum_per100k,24027_cum_per100k,24033_cum_per100k,24017_cum_per100k,24021_cum_per100k,24001_cum_per100k,24005_cum_per100k,24047_cum_per100k,24003_cum_per100k,24043_cum_per100k,24009_cum_per100k,24025_cum_per100k,24015_cum_per100k,24045_cum_per100k,24023_cum_per100k,24019_cum_per100k,24011_cum_per100k,24039_cum_per100k,24041_cum_per100k,24035_cum_per100k,24029_cum_per100k,24031_new_per100k,24037_new_per100k,24013_new_per100k,24510_new_per100k,24027_new_per100k,24033_new_per100k,24017_new_per100k,24021_new_per100k,24001_new_per100k,24005_new_per100k,24047_new_per100k,24003_new_per100k,24043_new_per100k,24009_new_per100k,24025_new_per100k,24015_new_per100k,24045_new_per100k,24023_new_per100k,24019_new_per100k,24011_new_per100k,24039_new_per100k,24041_new_per100k,24035_new_per100k,24029_new_per100k,day
0,10,2/1/20,0.0,0.0,0.0,0.0,0.0,0.0,0.0,0.0,0.0,0.0,0.0,0.0,0.0,0.0,0.0,0.0,0.0,0.0,0.0,0.0,0.0,0.0,0.0,0.0,0.0,0.0,0.0,0.0,0.0,0.0,0.0,0.0,0.0,0.0,0.0,0.0,0.0,0.0,0.0,0.0,0.0,0.0,0.0,0.0,0.0,0.0,0.0,0.0,0
1,11,2/2/20,0.0,0.0,0.0,0.0,0.0,0.0,0.0,0.0,0.0,0.0,0.0,0.0,0.0,0.0,0.0,0.0,0.0,0.0,0.0,0.0,0.0,0.0,0.0,0.0,0.0,0.0,0.0,0.0,0.0,0.0,0.0,0.0,0.0,0.0,0.0,0.0,0.0,0.0,0.0,0.0,0.0,0.0,0.0,0.0,0.0,0.0,0.0,0.0,1
2,12,2/3/20,0.0,0.0,0.0,0.0,0.0,0.0,0.0,0.0,0.0,0.0,0.0,0.0,0.0,0.0,0.0,0.0,0.0,0.0,0.0,0.0,0.0,0.0,0.0,0.0,0.0,0.0,0.0,0.0,0.0,0.0,0.0,0.0,0.0,0.0,0.0,0.0,0.0,0.0,0.0,0.0,0.0,0.0,0.0,0.0,0.0,0.0,0.0,0.0,2
3,13,2/4/20,0.0,0.0,0.0,0.0,0.0,0.0,0.0,0.0,0.0,0.0,0.0,0.0,0.0,0.0,0.0,0.0,0.0,0.0,0.0,0.0,0.0,0.0,0.0,0.0,0.0,0.0,0.0,0.0,0.0,0.0,0.0,0.0,0.0,0.0,0.0,0.0,0.0,0.0,0.0,0.0,0.0,0.0,0.0,0.0,0.0,0.0,0.0,0.0,3
4,14,2/5/20,0.0,0.0,0.0,0.0,0.0,0.0,0.0,0.0,0.0,0.0,0.0,0.0,0.0,0.0,0.0,0.0,0.0,0.0,0.0,0.0,0.0,0.0,0.0,0.0,0.0,0.0,0.0,0.0,0.0,0.0,0.0,0.0,0.0,0.0,0.0,0.0,0.0,0.0,0.0,0.0,0.0,0.0,0.0,0.0,0.0,0.0,0.0,0.0,4
5,15,2/6/20,0.0,0.0,0.0,0.0,0.0,0.0,0.0,0.0,0.0,0.0,0.0,0.0,0.0,0.0,0.0,0.0,0.0,0.0,0.0,0.0,0.0,0.0,0.0,0.0,0.0,0.0,0.0,0.0,0.0,0.0,0.0,0.0,0.0,0.0,0.0,0.0,0.0,0.0,0.0,0.0,0.0,0.0,0.0,0.0,0.0,0.0,0.0,0.0,5
6,16,2/7/20,0.0,0.0,0.0,0.0,0.0,0.0,0.0,0.0,0.0,0.0,0.0,0.0,0.0,0.0,0.0,0.0,0.0,0.0,0.0,0.0,0.0,0.0,0.0,0.0,0.0,0.0,0.0,0.0,0.0,0.0,0.0,0.0,0.0,0.0,0.0,0.0,0.0,0.0,0.0,0.0,0.0,0.0,0.0,0.0,0.0,0.0,0.0,0.0,6
7,17,2/8/20,0.0,0.0,0.0,0.0,0.0,0.0,0.0,0.0,0.0,0.0,0.0,0.0,0.0,0.0,0.0,0.0,0.0,0.0,0.0,0.0,0.0,0.0,0.0,0.0,0.0,0.0,0.0,0.0,0.0,0.0,0.0,0.0,0.0,0.0,0.0,0.0,0.0,0.0,0.0,0.0,0.0,0.0,0.0,0.0,0.0,0.0,0.0,0.0,7
8,18,2/9/20,0.0,0.0,0.0,0.0,0.0,0.0,0.0,0.0,0.0,0.0,0.0,0.0,0.0,0.0,0.0,0.0,0.0,0.0,0.0,0.0,0.0,0.0,0.0,0.0,0.0,0.0,0.0,0.0,0.0,0.0,0.0,0.0,0.0,0.0,0.0,0.0,0.0,0.0,0.0,0.0,0.0,0.0,0.0,0.0,0.0,0.0,0.0,0.0,8
9,19,2/10/20,0.0,0.0,0.0,0.0,0.0,0.0,0.0,0.0,0.0,0.0,0.0,0.0,0.0,0.0,0.0,0.0,0.0,0.0,0.0,0.0,0.0,0.0,0.0,0.0,0.0,0.0,0.0,0.0,0.0,0.0,0.0,0.0,0.0,0.0,0.0,0.0,0.0,0.0,0.0,0.0,0.0,0.0,0.0,0.0,0.0,0.0,0.0,0.0,9
10,20,2/11/20,0.0,0.0,0.0,0.0,0.0,0.0,0.0,0.0,0.0,0.0,0.0,0.0,0.0,0.0,0.0,0.0,0.0,0.0,0.0,0.0,0.0,0.0,0.0,0.0,0.0,0.0,0.0,0.0,0.0,0.0,0.0,0.0,0.0,0.0,0.0,0.0,0.0,0.0,0.0,0.0,0.0,0.0,0.0,0.0,0.0,0.0,0.0,0.0,10
11,21,2/12/20,0.0,0.0,0.0,0.0,0.0,0.0,0.0,0.0,0.0,0.0,0.0,0.0,0.0,0.0,0.0,0.0,0.0,0.0,0.0,0.0,0.0,0.0,0.0,0.0,0.0,0.0,0.0,0.0,0.0,0.0,0.0,0.0,0.0,0.0,0.0,0.0,0.0,0.0,0.0,0.0,0.0,0.0,0.0,0.0,0.0,0.0,0.0,0.0,11
12,22,2/13/20,0.0,0.0,0.0,0.0,0.0,0.0,0.0,0.0,0.0,0.0,0.0,0.0,0.0,0.0,0.0,0.0,0.0,0.0,0.0,0.0,0.0,0.0,0.0,0.0,0.0,0.0,0.0,0.0,0.0,0.0,0.0,0.0,0.0,0.0,0.0,0.0,0.0,0.0,0.0,0.0,0.0,0.0,0.0,0.0,0.0,0.0,0.0,0.0,12
13,23,2/14/20,0.0,0.0,0.0,0.0,0.0,0.0,0.0,0.0,0.0,0.0,0.0,0.0,0.0,0.0,0.0,0.0,0.0,0.0,0.0,0.0,0.0,0.0,0.0,0.0,0.0,0.0,0.0,0.0,0.0,0.0,0.0,0.0,0.0,0.0,0.0,0.0,0.0,0.0,0.0,0.0,0.0,0.0,0.0,0.0,0.0,0.0,0.0,0.0,13
14,24,2/15/20,0.0,0.0,0.0,0.0,0.0,0.0,0.0,0.0,0.0,0.0,0.0,0.0,0.0,0.0,0.0,0.0,0.0,0.0,0.0,0.0,0.0,0.0,0.0,0.0,0.0,0.0,0.0,0.0,0.0,0.0,0.0,0.0,0.0,0.0,0.0,0.0,0.0,0.0,0.0,0.0,0.0,0.0,0.0,0.0,0.0,0.0,0.0,0.0,14
15,25,2/16/20,0.0,0.0,0.0,0.0,0.0,0.0,0.0,0.0,0.0,0.0,0.0,0.0,0.0,0.0,0.0,0.0,0.0,0.0,0.0,0.0,0.0,0.0,0.0,0.0,0.0,0.0,0.0,0.0,0.0,0.0,0.0,0.0,0.0,0.0,0.0,0.0,0.0,0.0,0.0,0.0,0.0,0.0,0.0,0.0,0.0,0.0,0.0,0.0,15
16,26,2/17/20,0.0,0.0,0.0,0.0,0.0,0.0,0.0,0.0,0.0,0.0,0.0,0.0,0.0,0.0,0.0,0.0,0.0,0.0,0.0,0.0,0.0,0.0,0.0,0.0,0.0,0.0,0.0,0.0,0.0,0.0,0.0,0.0,0.0,0.0,0.0,0.0,0.0,0.0,0.0,0.0,0.0,0.0,0.0,0.0,0.0,0.0,0.0,0.0,16
17,27,2/18/20,0.0,0.0,0.0,0.0,0.0,0.0,0.0,0.0,0.0,0.0,0.0,0.0,0.0,0.0,0.0,0.0,0.0,0.0,0.0,0.0,0.0,0.0,0.0,0.0,0.0,0.0,0.0,0.0,0.0,0.0,0.0,0.0,0.0,0.0,0.0,0.0,0.0,0.0,0.0,0.0,0.0,0.0,0.0,0.0,0.0,0.0,0.0,0.0,17
18,28,2/19/20,0.0,0.0,0.0,0.0,0.0,0.0,0.0,0.0,0.0,0.0,0.0,0.0,0.0,0.0,0.0,0.0,0.0,0.0,0.0,0.0,0.0,0.0,0.0,0.0,0.0,0.0,0.0,0.0,0.0,0.0,0.0,0.0,0.0,0.0,0.0,0.0,0.0,0.0,0.0,0.0,0.0,0.0,0.0,0.0,0.0,0.0,0.0,0.0,18
19,29,2/20/20,0.0,0.0,0.0,0.0,0.0,0.0,0.0,0.0,0.0,0.0,0.0,0.0,0.0,0.0,0.0,0.0,0.0,0.0,0.0,0.0,0.0,0.0,0.0,0.0,0.0,0.0,0.0,0.0,0.0,0.0,0.0,0.0,0.0,0.0,0.0,0.0,0.0,0.0,0.0,0.0,0.0,0.0,0.0,0.0,0.0,0.0,0.0,0.0,19
20,30,2/21/20,0.0,0.0,0.0,0.0,0.0,0.0,0.0,0.0,0.0,0.0,0.0,0.0,0.0,0.0,0.0,0.0,0.0,0.0,0.0,0.0,0.0,0.0,0.0,0.0,0.0,0.0,0.0,0.0,0.0,0.0,0.0,0.0,0.0,0.0,0.0,0.0,0.0,0.0,0.0,0.0,0.0,0.0,0.0,0.0,0.0,0.0,0.0,0.0,20
21,31,2/22/20,0.0,0.0,0.0,0.0,0.0,0.0,0.0,0.0,0.0,0.0,0.0,0.0,0.0,0.0,0.0,0.0,0.0,0.0,0.0,0.0,0.0,0.0,0.0,0.0,0.0,0.0,0.0,0.0,0.0,0.0,0.0,0.0,0.0,0.0,0.0,0.0,0.0,0.0,0.0,0.0,0.0,0.0,0.0,0.0,0.0,0.0,0.0,0.0,21
22,32,2/23/20,0.0,0.0,0.0,0.0,0.0,0.0,0.0,0.0,0.0,0.0,0.0,0.0,0.0,0.0,0.0,0.0,0.0,0.0,0.0,0.0,0.0,0.0,0.0,0.0,0.0,0.0,0.0,0.0,0.0,0.0,0.0,0.0,0.0,0.0,0.0,0.0,0.0,0.0,0.0,0.0,0.0,0.0,0.0,0.0,0.0,0.0,0.0,0.0,22
23,33,2/24/20,0.0,0.0,0.0,0.0,0.0,0.0,0.0,0.0,0.0,0.0,0.0,0.0,0.0,0.0,0.0,0.0,0.0,0.0,0.0,0.0,0.0,0.0,0.0,0.0,0.0,0.0,0.0,0.0,0.0,0.0,0.0,0.0,0.0,0.0,0.0,0.0,0.0,0.0,0.0,0.0,0.0,0.0,0.0,0.0,0.0,0.0,0.0,0.0,23
24,34,2/25/20,0.0,0.0,0.0,0.0,0.0,0.0,0.0,0.0,0.0,0.0,0.0,0.0,0.0,0.0,0.0,0.0,0.0,0.0,0.0,0.0,0.0,0.0,0.0,0.0,0.0,0.0,0.0,0.0,0.0,0.0,0.0,0.0,0.0,0.0,0.0,0.0,0.0,0.0,0.0,0.0,0.0,0.0,0.0,0.0,0.0,0.0,0.0,0.0,24
25,35,2/26/20,0.0,0.0,0.0,0.0,0.0,0.0,0.0,0.0,0.0,0.0,0.0,0.0,0.0,0.0,0.0,0.0,0.0,0.0,0.0,0.0,0.0,0.0,0.0,0.0,0.0,0.0,0.0,0.0,0.0,0.0,0.0,0.0,0.0,0.0,0.0,0.0,0.0,0.0,0.0,0.0,0.0,0.0,0.0,0.0,0.0,0.0,0.0,0.0,25
26,36,2/27/20,0.0,0.0,0.0,0.0,0.0,0.0,0.0,0.0,0.0,0.0,0.0,0.0,0.0,0.0,0.0,0.0,0.0,0.0,0.0,0.0,0.0,0.0,0.0,0.0,0.0,0.0,0.0,0.0,0.0,0.0,0.0,0.0,0.0,0.0,0.0,0.0,0.0,0.0,0.0,0.0,0.0,0.0,0.0,0.0,0.0,0.0,0.0,0.0,26
27,37,2/28/20,0.0,0.0,0.0,0.0,0.0,0.0,0.0,0.0,0.0,0.0,0.0,0.0,0.0,0.0,0.0,0.0,0.0,0.0,0.0,0.0,0.0,0.0,0.0,0.0,0.0,0.0,0.0,0.0,0.0,0.0,0.0,0.0,0.0,0.0,0.0,0.0,0.0,0.0,0.0,0.0,0.0,0.0,0.0,0.0,0.0,0.0,0.0,0.0,27
28,38,2/29/20,0.0,0.0,0.0,0.0,0.0,0.0,0.0,0.0,0.0,0.0,0.0,0.0,0.0,0.0,0.0,0.0,0.0,0.0,0.0,0.0,0.0,0.0,0.0,0.0,0.0,0.0,0.0,0.0,0.0,0.0,0.0,0.0,0.0,0.0,0.0,0.0,0.0,0.0,0.0,0.0,0.0,0.0,0.0,0.0,0.0,0.0,0.0,0.0,28
29,39,3/1/20,0.0,0.0,0.0,0.0,0.0,0.0,0.0,0.0,0.0,0.0,0.0,0.0,0.0,0.0,0.0,0.0,0.0,0.0,0.0,0.0,0.0,0.0,0.0,0.0,0.0,0.0,0.0,0.0,0.0,0.0,0.0,0.0,0.0,0.0,0.0,0.0,0.0,0.0,0.0,0.0,0.0,0.0,0.0,0.0,0.0,0.0,0.0,0.0,29
30,40,3/2/20,0.0,0.0,0.0,0.0,0.0,0.0,0.0,0.0,0.0,0.0,0.0,0.0,0.0,0.0,0.0,0.0,0.0,0.0,0.0,0.0,0.0,0.0,0.0,0.0,0.0,0.0,0.0,0.0,0.0,0.0,0.0,0.0,0.0,0.0,0.0,0.0,0.0,0.0,0.0,0.0,0.0,0.0,0.0,0.0,0.0,0.0,0.0,0.0,30
31,41,3/3/20,0.0,0.0,0.0,0.0,0.0,0.0,0.0,0.0,0.0,0.0,0.0,0.0,0.0,0.0,0.0,0.0,0.0,0.0,0.0,0.0,0.0,0.0,0.0,0.0,0.0,0.0,0.0,0.0,0.0,0.0,0.0,0.0,0.0,0.0,0.0,0.0,0.0,0.0,0.0,0.0,0.0,0.0,0.0,0.0,0.0,0.0,0.0,0.0,31
32,42,3/4/20,0.0,0.0,0.0,0.0,0.0,0.0,0.0,0.0,0.0,0.0,0.0,0.0,0.0,0.0,0.0,0.0,0.0,0.0,0.0,0.0,0.0,0.0,0.0,0.0,0.0,0.0,0.0,0.0,0.0,0.0,0.0,0.0,0.0,0.0,0.0,0.0,0.0,0.0,0.0,0.0,0.0,0.0,0.0,0.0,0.0,0.0,0.0,0.0,32
33,43,3/5/20,0.0,0.0,0.0,0.0,0.0,0.0,0.0,0.0,0.0,0.0,0.0,0.0,0.0,0.0,0.0,0.0,0.0,0.0,0.0,0.0,0.0,0.0,0.0,0.0,0.0,0.0,0.0,0.0,0.0,0.0,0.0,0.0,0.0,0.0,0.0,0.0,0.0,0.0,0.0,0.0,0.0,0.0,0.0,0.0,0.0,0.0,0.0,0.0,33
34,44,3/6/20,0.0,0.0,0.0,0.0,0.0,0.0,0.0,0.0,0.0,0.0,0.0,0.0,0.0,0.0,0.0,0.0,0.0,0.0,0.0,0.0,0.0,0.0,0.0,0.0,0.0,0.0,0.0,0.0,0.0,0.0,0.0,0.0,0.0,0.0,0.0,0.0,0.0,0.0,0.0,0.0,0.0,0.0,0.0,0.0,0.0,0.0,0.0,0.0,34
35,45,3/7/20,0.0,0.0,0.0,0.0,0.0,0.0,0.0,0.0,0.0,0.0,0.0,0.0,0.0,0.0,0.0,0.0,0.0,0.0,0.0,0.0,0.0,0.0,0.0,0.0,0.0,0.0,0.0,0.0,0.0,0.0,0.0,0.0,0.0,0.0,0.0,0.0,0.0,0.0,0.0,0.0,0.0,0.0,0.0,0.0,0.0,0.0,0.0,0.0,35
36,46,3/8/20,0.0,0.0,0.0,0.0,0.0,0.0,0.0,0.0,0.0,0.0,0.0,0.0,0.0,0.0,0.0,0.0,0.0,0.0,0.0,0.0,0.0,0.0,0.0,0.0,0.0,0.0,0.0,0.0,0.0,0.0,0.0,0.0,0.0,0.0,0.0,0.0,0.0,0.0,0.0,0.0,0.0,0.0,0.0,0.0,0.0,0.0,0.0,0.0,36
37,47,3/9/20,0.0,0.0,0.0,0.0,0.0,0.0,0.0,0.0,0.0,0.0,0.0,0.0,0.0,0.0,0.0,0.0,0.0,0.0,0.0,0.0,0.0,0.0,0.0,0.0,0.0,0.0,0.0,0.0,0.0,0.0,0.0,0.0,0.0,0.0,0.0,0.0,0.0,0.0,0.0,0.0,0.0,0.0,0.0,0.0,0.0,0.0,0.0,0.0,37
38,48,3/10/20,0.0,0.0,0.0,0.0,0.0,0.0,0.0,0.0,0.0,0.0,0.0,0.0,0.0,0.0,0.0,0.0,0.0,0.0,0.0,0.0,0.0,0.0,0.0,0.0,0.0,0.0,0.0,0.0,0.0,0.0,0.0,0.0,0.0,0.0,0.0,0.0,0.0,0.0,0.0,0.0,0.0,0.0,0.0,0.0,0.0,0.0,0.0,0.0,38
39,49,3/11/20,0.0,0.0,0.0,0.0,0.0,0.0,0.0,0.0,0.0,0.0,0.0,0.0,0.0,0.0,0.0,0.0,0.0,0.0,0.0,0.0,0.0,0.0,0.0,0.0,0.0,0.0,0.0,0.0,0.0,0.0,0.0,0.0,0.0,0.0,0.0,0.0,0.0,0.0,0.0,0.0,0.0,0.0,0.0,0.0,0.0,0.0,0.0,0.0,39
40,50,3/12/20,0.0,0.0,0.0,0.0,0.0,0.0,0.0,0.0,0.0,0.0,0.0,0.0,0.0,0.0,0.0,0.0,0.0,0.0,0.0,0.0,0.0,0.0,0.0,0.0,0.0,0.0,0.0,0.0,0.0,0.0,0.0,0.0,0.0,0.0,0.0,0.0,0.0,0.0,0.0,0.0,0.0,0.0,0.0,0.0,0.0,0.0,0.0,0.0,40
41,51,3/13/20,0.0,0.0,0.0,0.0,0.0,0.0,0.0,0.0,0.0,0.0,0.0,0.0,0.0,0.0,0.0,0.0,0.0,0.0,0.0,0.0,0.0,0.0,0.0,0.0,0.0,0.0,0.0,0.0,0.0,0.0,0.0,0.0,0.0,0.0,0.0,0.0,0.0,0.0,0.0,0.0,0.0,0.0,0.0,0.0,0.0,0.0,0.0,0.0,41
42,52,3/14/20,0.0,0.0,0.0,0.0,0.0,0.0,0.0,0.0,0.0,0.0,0.0,0.0,0.0,0.0,0.0,0.0,0.0,0.0,0.0,0.0,0.0,0.0,0.0,0.0,0.0,0.0,0.0,0.0,0.0,0.0,0.0,0.0,0.0,0.0,0.0,0.0,0.0,0.0,0.0,0.0,0.0,0.0,0.0,0.0,0.0,0.0,0.0,0.0,42
43,53,3/15/20,0.0,0.0,0.0,0.0,0.0,0.0,0.0,0.0,0.0,0.0,0.0,0.0,0.0,0.0,0.0,0.0,0.0,0.0,0.0,0.0,0.0,0.0,0.0,0.0,0.0,0.0,0.0,0.0,0.0,0.0,0.0,0.0,0.0,0.0,0.0,0.0,0.0,0.0,0.0,0.0,0.0,0.0,0.0,0.0,0.0,0.0,0.0,0.0,43
44,54,3/16/20,0.0,0.0,0.0,0.0,0.0,0.0,0.0,0.0,0.0,0.0,0.0,0.0,0.0,0.0,0.0,0.0,0.0,0.0,0.0,0.0,0.0,0.0,0.0,0.0,0.0,0.0,0.0,0.0,0.0,0.0,0.0,0.0,0.0,0.0,0.0,0.0,0.0,0.0,0.0,0.0,0.0,0.0,0.0,0.0,0.0,0.0,0.0,0.0,44
45,55,3/17/20,0.0,0.0,0.0,0.0,0.0,0.0,0.0,0.0,0.0,0.0,0.0,0.0,0.0,0.0,0.0,0.0,0.0,0.0,0.0,0.0,0.0,0.0,0.0,0.0,0.0,0.0,0.0,0.0,0.0,0.0,0.0,0.0,0.0,0.0,0.0,0.0,0.0,0.0,0.0,0.0,0.0,0.0,0.0,0.0,0.0,0.0,0.0,0.0,45
46,56,3/18/20,0.0,0.0,0.0,0.0,0.0,0.0,0.0,0.0,0.0,0.0,0.0,0.0,0.0,0.0,0.0,0.0,0.0,0.0,0.0,0.0,0.0,0.0,0.0,0.0,0.0,0.0,0.0,0.0,0.0,0.0,0.0,0.0,0.0,0.0,0.0,0.0,0.0,0.0,0.0,0.0,0.0,0.0,0.0,0.0,0.0,0.0,0.0,0.0,46
47,57,3/19/20,0.0,0.0,0.0,0.0,0.0,0.10997144041692372,0.0,0.0,0.0,0.0,0.0,0.0,0.0,0.0,0.0,0.0,0.0,0.0,0.0,0.0,0.0,0.0,0.0,0.0,0.0,0.0,0.0,0.0,0.0,0.10997144041692372,0.0,0.0,0.0,0.0,0.0,0.0,0.0,0.0,0.0,0.0,0.0,0.0,0.0,0.0,0.0,0.0,0.0,0.0,47
48,58,3/20/20,0.0,0.0,0.0,0.0,0.0,0.10997144041692372,0.0,0.0,0.0,0.12086490929088557,0.0,0.0,0.0,0.0,0.0,0.0,0.0,0.0,0.0,0.0,0.0,0.0,0.0,0.0,0.0,0.0,0.0,0.0,0.0,0.0,0.0,0.0,0.0,0.12086490929088557,0.0,0.0,0.0,0.0,0.0,0.0,0.0,0.0,0.0,0.0,0.0,0.0,0.0,0.0,48
49,59,3/21/20,0.0,0.0,0.0,0.0,0.0,0.10997144041692372,0.0,0.0,0.0,0.12086490929088557,0.0,0.0,0.0,0.0,0.0,0.0,0.0,0.0,0.0,0.0,0.0,0.0,0.0,0.0,0.0,0.0,0.0,0.0,0.0,0.0,0.0,0.0,0.0,0.0,0.0,0.0,0.0,0.0,0.0,0.0,0.0,0.0,0.0,0.0,0.0,0.0,0.0,0.0,49
50,60,3/22/20,0.0951757324724371,0.0,0.0,0.0,0.0,0.10997144041692372,0.0,0.0,0.0,0.12086490929088557,0.0,0.0,0.0,0.0,0.0,0.0,0.0,0.0,0.0,0.0,0.0,0.0,0.0,0.0,0.0951757324724371,0.0,0.0,0.0,0.0,0.0,0.0,0.0,0.0,0.0,0.0,0.0,0.0,0.0,0.0,0.0,0.0,0.0,0.0,0.0,0.0,0.0,0.0,0.0,50
51,61,3/23/20,0.0951757324724371,0.0,0.0,0.0,0.0,0.10997144041692372,0.0,0.0,0.0,0.12086490929088557,0.0,0.0,0.0,0.0,0.0,0.0,0.0,0.0,0.0,0.0,0.0,0.0,0.0,0.0,0.0,0.0,0.0,0.0,0.0,0.0,0.0,0.0,0.0,0.0,0.0,0.0,0.0,0.0,0.0,0.0,0.0,0.0,0.0,0.0,0.0,0.0,0.0,0.0,51
52,62,3/24/20,0.0951757324724371,0.0,0.0,0.0,0.0,0.21994288083384744,0.0,0.0,0.0,0.12086490929088557,0.0,0.0,0.0,0.0,0.0,0.0,0.0,0.0,0.0,0.0,0.0,0.0,0.0,0.0,0.0,0.0,0.0,0.0,0.0,0.10997144041692372,0.0,0.0,0.0,0.0,0.0,0.0,0.0,0.0,0.0,0.0,0.0,0.0,0.0,0.0,0.0,0.0,0.0,0.0,52
53,63,3/25/20,0.0951757324724371,0.0,0.0,0.0,0.0,0.21994288083384744,0.0,0.0,0.0,0.12086490929088557,0.0,0.0,0.0,0.0,0.0,0.0,0.0,0.0,0.0,0.0,0.0,0.0,0.0,0.0,0.0,0.0,0.0,0.0,0.0,0.0,0.0,0.0,0.0,0.0,0.0,0.0,0.0,0.0,0.0,0.0,0.0,0.0,0.0,0.0,0.0,0.0,0.0,0.0,53
54,64,3/26/20,0.0951757324724371,0.0,0.0,0.0,0.0,0.21994288083384744,0.0,0.0,0.0,0.12086490929088557,0.0,0.0,0.0,0.0,0.0,0.0,0.0,0.0,0.0,0.0,0.0,0.0,0.0,0.0,0.0,0.0,0.0,0.0,0.0,0.0,0.0,0.0,0.0,0.0,0.0,0.0,0.0,0.0,0.0,0.0,0.0,0.0,0.0,0.0,0.0,0.0,0.0,0.0,54
55,65,3/27/20,0.0951757324724371,0.0,0.0,0.0,0.0,0.21994288083384744,0.0,0.0,0.0,0.12086490929088557,0.0,0.0,0.0,0.0,0.0,0.0,0.0,0.0,0.0,0.0,0.0,0.0,0.0,0.0,0.0,0.0,0.0,0.0,0.0,0.0,0.0,0.0,0.0,0.0,0.0,0.0,0.0,0.0,0.0,0.0,0.0,0.0,0.0,0.0,0.0,0.0,0.0,0.0,55
56,66,3/28/20,0.0951757324724371,0.0,0.0,0.0,0.0,0.21994288083384744,0.0,0.0,0.0,0.12086490929088557,0.0,0.0,0.0,0.0,0.0,0.0,0.0,0.0,0.0,0.0,0.0,0.0,0.0,0.0,0.0,0.0,0.0,0.0,0.0,0.0,0.0,0.0,0.0,0.0,0.0,0.0,0.0,0.0,0.0,0.0,0.0,0.0,0.0,0.0,0.0,0.0,0.0,0.0,56
57,67,3/29/20,0.0951757324724371,0.0,0.0,0.3369896712665757,0.0,0.3299143212507712,0.6125311625228933,0.0,0.0,0.12086490929088557,0.0,0.0,0.0,0.0,0.0,0.0,0.9651671186866005,0.0,0.0,0.0,0.0,0.0,0.0,0.0,0.0,0.0,0.0,0.3369896712665757,0.0,0.10997144041692375,0.6125311625228933,0.0,0.0,0.0,0.0,0.0,0.0,0.0,0.0,0.0,0.9651671186866005,0.0,0.0,0.0,0.0,0.0,0.0,0.0,57
58,68,3/30/20,0.0951757324724371,0.0,0.5936585394812611,0.3369896712665757,0.3070404372255826,0.6598286425015424,0.6125311625228933,0.0,0.0,0.12086490929088557,0.0,0.0,0.0,0.0,0.0,0.0,0.9651671186866005,0.0,0.0,0.0,0.0,0.0,0.0,0.0,0.0,0.0,0.5936585394812611,0.0,0.3070404372255826,0.3299143212507712,0.0,0.0,0.0,0.0,0.0,0.0,0.0,0.0,0.0,0.0,0.0,0.0,0.0,0.0,0.0,0.0,0.0,0.0,58
59,69,3/31/20,0.0951757324724371,0.0,1.1873170789625223,0.3369896712665757,0.6140808744511652,0.769800082918466,0.6125311625228933,0.0,0.0,0.12086490929088557,0.0,0.17264179934188947,0.0,0.0,0.0,0.0,0.9651671186866005,0.0,0.0,0.0,0.0,0.0,0.0,0.0,0.0,0.0,0.5936585394812611,0.0,0.3070404372255826,0.10997144041692364,0.0,0.0,0.0,0.0,0.0,0.17264179934188947,0.0,0.0,0.0,0.0,0.0,0.0,0.0,0.0,0.0,0.0,0.0,0.0,59
60,70,4/1/20,0.0951757324724371,0.0,1.1873170789625223,0.3369896712665757,0.6140808744511652,0.769800082918466,0.6125311625228933,0.38528667254870985,0.0,0.12086490929088557,0.0,0.17264179934188947,0.0,0.0,0.0,0.0,0.9651671186866005,0.0,0.0,0.0,0.0,0.0,0.0,0.0,0.0,0.0,0.0,0.0,0.0,0.0,0.0,0.38528667254870985,0.0,0.0,0.0,0.0,0.0,0.0,0.0,0.0,0.0,0.0,0.0,0.0,0.0,0.0,0.0,0.0,60
61,71,4/2/20,0.5710543948346227,0.0,2.3746341579250445,0.3369896712665757,0.6140808744511652,0.9897429637523134,0.6125311625228933,1.1558600176461296,0.0,0.36259472787265673,0.0,0.5179253980256684,0.0,1.0807889759524452,0.0,0.9722424772738322,0.9651671186866005,0.0,0.0,0.0,0.0,0.0,0.0,0.0,0.4758786623621856,0.0,1.1873170789625223,0.0,0.0,0.2199428808338474,0.0,0.7705733450974197,0.0,0.24172981858177117,0.0,0.3452835986837789,0.0,1.0807889759524452,0.0,0.9722424772738322,0.0,0.0,0.0,0.0,0.0,0.0,0.0,0.0,61
62,72,4/3/20,0.8565815922519339,0.0,2.968292697406306,0.6739793425331514,0.6140808744511652,0.9897429637523134,0.6125311625228933,1.1558600176461296,0.0,0.36259472787265673,0.0,0.6905671973675579,0.0,1.0807889759524452,0.0,0.9722424772738322,0.9651671186866005,0.0,0.0,0.0,0.0,0.0,0.0,0.0,0.28552719741731114,0.0,0.5936585394812615,0.3369896712665757,0.0,0.0,0.0,0.0,0.0,0.0,0.0,0.1726417993418895,0.0,0.0,0.0,0.0,0.0,0.0,0.0,0.0,0.0,0.0,0.0,0.0,62
63,73,4/4/20,0.8565815922519339,0.0,3.561951236887567,1.010969013799727,0.9211213116767477,1.4296287254200084,0.6125311625228933,1.1558600176461296,0.0,0.4834596371635423,0.0,1.0358507960513368,0.0,1.0807889759524452,0.0,0.9722424772738322,0.9651671186866005,0.0,0.0,0.0,0.0,0.0,0.0,0.0,0.0,0.0,0.593658539481261,0.33698967126657553,0.3070404372255825,0.439885761667695,0.0,0.0,0.0,0.12086490929088556,0.0,0.3452835986837789,0.0,0.0,0.0,0.0,0.0,0.0,0.0,0.0,0.0,0.0,0.0,0.0,63
64,74,4/5/20,1.2372845221416824,0.0,4.749268315850089,1.179463849433015,0.9211213116767477,1.7595430466707795,1.2250623250457866,1.1558600176461296,0.0,0.7251894557453135,0.0,1.0358507960513368,0.0,1.0807889759524452,0.0,0.9722424772738322,0.9651671186866005,0.0,0.0,0.0,0.0,0.0,0.0,0.0,0.3807029298897485,0.0,1.187317078962522,0.16849483563328804,0.0,0.32991432125077114,0.6125311625228933,0.0,0.0,0.24172981858177117,0.0,0.0,0.0,0.0,0.0,0.0,0.0,0.0,0.0,0.0,0.0,0.0,0.0,0.0,64
65,75,4/6/20,1.808338916976305,0.0,5.936585394812612,1.3479586850663028,0.9211213116767477,2.5293431295892455,1.2250623250457866,1.5411466901948394,0.0,1.3295140021997414,0.0,1.3811343947351158,0.0,1.0807889759524452,0.0,0.9722424772738322,0.9651671186866005,0.0,0.0,0.0,0.0,0.0,0.0,0.0,0.5710543948346227,0.0,1.187317078962523,0.16849483563328782,0.0,0.7698000829184659,0.0,0.38528667254870985,0.0,0.6043245464544279,0.0,0.345283598683779,0.0,0.0,0.0,0.0,0.0,0.0,0.0,0.0,0.0,0.0,0.0,0.0,65
66,76,4/7/20,1.9986903819211792,0.0,9.498536631700178,1.5164535206995906,0.9211213116767477,2.859257450840017,1.2250623250457866,1.5411466901948394,0.0,1.3295140021997414,0.0,1.3811343947351158,0.0,1.0807889759524452,0.0,0.9722424772738322,0.9651671186866005,0.0,0.0,0.0,0.0,0.0,0.0,0.0,0.1903514649448741,0.0,3.561951236887566,0.16849483563328782,0.0,0.32991432125077136,0.0,0.0,0.0,0.0,0.0,0.0,0.0,0.0,0.0,0.0,0.0,0.0,0.0,0.0,0.0,0.0,0.0,0.0,66
67,77,4/8/20,2.4745690442833648,0.0,10.6858537106627,1.6849483563328784,0.9211213116767477,3.519086093341559,1.2250623250457866,1.5411466901948394,0.0,1.5712438207815125,0.0,2.0717015921026736,0.0,1.0807889759524452,0.0,0.9722424772738322,0.9651671186866005,0.0,0.0,0.0,0.0,2.689545735725236,0.0,0.0,0.47587866236218557,0.0,1.187317078962522,0.16849483563328782,0.0,0.6598286425015423,0.0,0.0,0.0,0.24172981858177112,0.0,0.6905671973675578,0.0,0.0,0.0,0.0,0.0,0.0,0.0,0.0,0.0,2.689545735725236,0.0,0.0,67
68,78,4/9/20,2.8552719741731134,0.0,10.6858537106627,2.021938027599454,1.5352021861279128,3.739028974175407,1.83759348756868,1.5411466901948394,0.0,1.9338385486541692,0.0,2.0717015921026736,0.0,1.0807889759524452,0.0,0.9722424772738322,0.9651671186866005,0.0,0.0,0.0,0.0,2.689545735725236,0.0,0.0,0.38070292988974863,0.0,0.0,0.3369896712665754,0.6140808744511651,0.21994288083384772,0.6125311625228933,0.0,0.0,0.3625947278726567,0.0,0.0,0.0,0.0,0.0,0.0,0.0,0.0,0.0,0.0,0.0,0.0,0.0,0.0,68
69,79,4/10/20,3.2359749040628616,0.0,11.279512250143963,2.864412205765893,1.5352021861279128,4.618800497510796,2.450124650091573,3.4675800529383887,0.0,2.538163095108597,0.0,2.7622687894702316,0.0,1.0807889759524452,0.0,0.9722424772738322,0.9651671186866005,0.0,0.0,0.0,0.0,2.689545735725236,0.0,0.0,0.3807029298897482,0.0,0.5936585394812628,0.8424741781664391,0.0,0.8797715233353895,0.6125311625228933,1.9264333627435493,0.0,0.6043245464544278,0.0,0.690567197367558,0.0,0.0,0.0,0.0,0.0,0.0,0.0,0.0,0.0,0.0,0.0,0.0,69
70,80,4/11/20,3.4263263690077355,0.0,14.841463487031529,3.7068863839323325,1.8422426233534954,5.498572020846186,3.0626558126144667,4.238153398035808,0.0,3.142487641563025,0.0,3.2801941874959,0.6620368224880668,1.0807889759524452,0.3914798329164073,0.9722424772738322,0.9651671186866005,0.0,0.0,0.0,0.0,2.689545735725236,0.0,0.0,0.19035146494487387,0.0,3.561951236887566,0.8424741781664395,0.3070404372255826,0.87977152333539,0.6125311625228935,0.7705733450974197,0.0,0.604324546454428,0.0,0.5179253980256684,0.6620368224880668,0.0,0.3914798329164073,0.0,0.0,0.0,0.0,0.0,0.0,0.0,0.0,0.0,70
71,81,4/12/20,3.9973807638423584,0.0,14.841463487031529,4.043876055198908,1.8422426233534954,6.048429222930805,5.51278046270604,4.623440070584518,0.0,3.6259472787265676,0.0,4.6613285822310155,0.6620368224880668,1.0807889759524452,0.3914798329164073,0.9722424772738322,0.9651671186866005,0.0,0.0,0.0,0.0,2.689545735725236,0.0,0.0,0.571054394834623,0.0,0.0,0.3369896712665752,0.0,0.5498572020846186,2.450124650091573,0.38528667254870985,0.0,0.4834596371635427,0.0,1.3811343947351156,0.0,0.0,0.0,0.0,0.0,0.0,0.0,0.0,0.0,0.0,0.0,0.0,71
72,82,4/13/20,4.568435158676982,0.0,16.622439105475316,4.380865726465483,2.456323497804661,6.928200746266195,6.1253116252289335,4.623440070584518,0.0,3.7468121880174525,0.0,5.006612180914795,0.6620368224880668,1.0807889759524452,0.0,0.9722424772738322,0.9651671186866005,0.0,3.131949011870087,0.0,3.9038101186758274,2.689545735725236,0.0,0.0,0.5710543948346234,0.0,1.7809756184437866,0.33698967126657564,0.6140808744511654,0.87977152333539,0.6125311625228935,0.0,0.0,0.12086490929088489,0.0,0.3452835986837792,0.0,0.0,-0.3914798329164073,0.0,0.0,0.0,3.131949011870087,0.0,3.9038101186758274,0.0,0.0,0.0,72
73,83,4/14/20,5.139489553511604,2.6429389481102987,17.216097644956573,4.886350233365347,2.7633639350302435,7.917943710018507,7.35037395027472,5.394013415681938,0.0,4.9554612809263086,0.0,5.524537578940463,0.6620368224880668,1.0807889759524452,0.0,1.9444849545476643,0.9651671186866005,0.0,3.131949011870087,0.0,0.0,2.689545735725236,0.0,0.0,0.5710543948346221,2.6429389481102987,0.5936585394812575,0.5054845068998635,0.3070404372255826,0.9897429637523123,1.2250623250457862,0.7705733450974197,0.0,1.208649092908856,0.0,0.5179253980256684,0.0,0.0,0.0,0.9722424772738322,0.0,0.0,0.0,0.0,-3.9038101186758274,0.0,0.0,0.0,73
74,84,4/15/20,5.139489553511604,2.6429389481102987,17.216097644956573,4.886350233365347,2.7633639350302435,7.917943710018507,7.35037395027472,7.705733450974197,1.4201317882299478,4.9554612809263086,0.0,5.524537578940463,0.6620368224880668,1.0807889759524452,0.0,1.9444849545476643,0.9651671186866005,0.0,3.131949011870087,0.0,0.0,2.689545735725236,1.9848752505905005,5.148800329523221,0.0,0.0,0.0,0.0,0.0,0.0,0.0,2.311720035292259,1.4201317882299478,0.0,0.0,0.0,0.0,0.0,0.0,0.0,0.0,0.0,0.0,0.0,0.0,0.0,1.9848752505905005,5.148800329523221,74
75,85,4/16/20,5.329841018456478,2.6429389481102987,17.216097644956573,5.223339904631922,3.0704043722558256,7.917943710018507,7.962905112797614,8.476306796071617,1.4201317882299478,4.9554612809263086,0.0,5.524537578940463,0.6620368224880668,1.0807889759524452,0.0,1.9444849545476643,0.9651671186866005,0.0,3.131949011870087,0.0,0.0,2.689545735725236,1.9848752505905005,5.148800329523221,0.19035146494487432,0.0,0.0,0.33698967126657564,0.30704043722558216,0.0,0.6125311625228944,0.7705733450974197,0.0,0.0,0.0,0.0,0.0,0.0,0.0,0.0,0.0,0.0,0.0,0.0,0.0,0.0,0.0,0.0,75
76,86,4/17/20,5.996071145763538,0.8809796493700995,14.841463487031529,6.402803754064939,3.0704043722558256,8.467800912103128,9.1879674378434,8.861593468620326,1.4201317882299478,4.472001643762766,0.0,5.8698211776242415,0.6620368224880668,2.1615779519048903,0.0,1.9444849545476643,0.9651671186866005,0.0,3.131949011870087,0.0,0.0,2.689545735725236,1.9848752505905005,5.148800329523221,0.6662301273070597,-1.7619592987401993,-2.374634157925044,1.1794638494330165,0.0,0.5498572020846204,1.2250623250457853,0.38528667254870896,0.0,-0.48345963716354223,0.0,0.34528359868377834,0.0,1.0807889759524452,0.0,0.0,0.0,0.0,0.0,0.0,0.0,0.0,0.0,0.0,76
77,87,4/18/20,8.185112992629591,3.523918597480398,16.622439105475316,7.245277932231377,3.684485246706991,10.447286839607754,9.800498600366293,11.943886849010006,1.4201317882299478,5.438920918089851,0.0,7.078313773017468,1.9861104674642003,2.1615779519048903,1.9573991645820368,2.916727431821496,0.9651671186866005,0.0,3.131949011870087,0.0,0.0,2.689545735725236,3.969750501181001,5.148800329523221,2.1890418468660533,2.6429389481102987,1.7809756184437866,0.8424741781664382,0.6140808744511652,1.9794859275046264,0.6125311625228935,3.0822933803896806,0.0,0.9669192743270845,0.0,1.2084925953932268,1.3240736449761334,0.0,1.9573991645820368,0.9722424772738318,0.0,0.0,0.0,0.0,0.0,0.0,1.9848752505905005,0.0,77
78,88,4/19/20,9.136870317353964,1.761959298740199,16.622439105475316,8.59323661729768,3.684485246706991,11.547001243776991,10.413029762889188,11.558600176461297,1.4201317882299478,6.043245464544278,0.0,7.941522769726914,1.9861104674642003,3.2423669278573355,2.348878997498444,2.916727431821496,2.895501356059802,0.0,3.131949011870087,0.0,0.0,2.689545735725236,3.969750501181001,5.148800329523221,0.9517573247243725,-1.761959298740199,0.0,1.3479586850663035,0.0,1.0997144041692373,0.6125311625228953,-0.38528667254870896,0.0,0.6043245464544276,0.0,0.8632089967094458,0.0,1.0807889759524452,0.3914798329164071,0.0,1.9303342373732013,0.0,0.0,0.0,0.0,0.0,0.0,0.0,78
79,89,4/20/20,10.088627642078334,1.761959298740199,18.403414723919095,9.098721124197544,3.991525683932574,12.316801326695456,12.250623250457867,11.558600176461297,1.4201317882299478,6.043245464544278,0.0,8.286806368410694,1.9861104674642003,3.2423669278573355,2.348878997498444,2.916727431821496,2.895501356059802,0.0,3.131949011870087,0.0,0.0,2.689545735725236,3.969750501181001,5.148800329523221,0.9517573247243707,0.0,1.7809756184437795,0.5054845068998635,0.30704043722558305,0.769800082918465,1.8375934875686788,0.0,0.0,0.0,0.0,0.3452835986837801,0.0,0.0,0.0,0.0,0.0,0.0,0.0,0.0,0.0,0.0,0.0,0.0,79
80,90,4/21/20,11.040384966802705,2.6429389481102987,18.403414723919095,9.941195302363983,3.991525683932574,12.976629969196999,14.088216738026546,12.714460194107426,2.8402635764598956,7.010164738871364,0.0,8.977373565778251,1.9861104674642003,4.323155903809781,2.740358830414851,2.916727431821496,1.930334237373201,0.0,3.131949011870087,0.0,0.0,2.689545735725236,3.969750501181001,5.148800329523221,0.9517573247243707,0.8809796493700996,0.0,0.8424741781664391,0.0,0.6598286425015427,1.8375934875686788,1.1558600176461287,1.4201317882299478,0.9669192743270854,0.0,0.6905671973675567,0.0,1.0807889759524452,0.3914798329164073,0.0,-0.9651671186866009,0.0,0.0,0.0,0.0,0.0,0.0,0.0,80
81,91,4/22/20,11.992142291527076,2.6429389481102987,18.997073263400356,10.783669480530422,4.2985661211581565,14.516230135033933,18.3759348756868,13.485033539204844,4.260395364689844,8.097948922489334,0.0,9.66794076314581,1.9861104674642003,5.403944879762227,3.1318386633312585,4.86121238636916,1.930334237373201,0.0,3.131949011870087,0.0,0.0,2.689545735725236,3.969750501181001,5.148800329523221,0.9517573247243707,0.0,0.593658539481261,0.8424741781664391,0.3070404372255826,1.5396001658369336,4.287718137660253,0.7705733450974179,1.420131788229948,1.0877841836179698,0.0,0.6905671973675584,0.0,1.080788975952446,0.3914798329164073,1.9444849545476637,0.0,0.0,0.0,0.0,0.0,0.0,0.0,0.0,81
82,92,4/23/20,13.229426813668757,3.523918597480398,20.184390342362878,11.120659151796998,4.605606558383739,16.49571606253856,19.600997200732586,13.870320211753555,4.260395364689844,8.581408559652875,0.0,10.531149759855257,1.9861104674642003,6.484733855714671,3.1318386633312585,4.86121238636916,2.895501356059802,0.0,6.263898023740174,0.0,0.0,2.689545735725236,3.969750501181001,5.148800329523221,1.2372845221416817,0.8809796493700994,1.187317078962522,0.33698967126657564,0.3070404372255826,1.9794859275046264,1.225062325045787,0.38528667254871074,0.0,0.48345963716354134,0.0,0.8632089967094476,0.0,1.0807889759524443,0.0,0.0,0.9651671186866009,0.0,3.131949011870087,0.0,0.0,0.0,0.0,0.0,82
83,93,4/24/20,14.657062800755313,5.2858778962205974,20.184390342362878,11.963133329963437,4.605606558383739,17.375487585873948,20.826059525778376,15.796753574497105,4.260395364689844,8.944003287525533,0.0,10.876433358539037,1.9861104674642003,6.484733855714671,3.523318496247666,4.86121238636916,2.895501356059802,0.0,6.263898023740174,0.0,0.0,2.689545735725236,5.954625751771501,10.297600659046442,1.4276359870865551,1.7619592987401993,0.0,0.8424741781664391,0.0,0.8797715233353891,1.2250623250457906,1.9264333627435501,0.0,0.3625947278726578,0.0,0.3452835986837801,0.0,0.0,0.3914798329164073,0.0,0.0,0.0,0.0,0.0,0.0,0.0,1.9848752505905,5.148800329523221,83
84,94,4/25/20,16.275050252786745,5.2858778962205974,21.3717074213254,13.142597179396452,4.912646995609322,19.025059192127806,21.438590688301268,17.337900264691946,4.260395364689844,9.548327833979961,0.0,12.084925953932261,1.9861104674642003,7.565522831667117,4.30627816208048,4.86121238636916,3.860668474746402,0.0,6.263898023740174,0.0,0.0,2.689545735725236,5.954625751771501,15.446400988569664,1.6179874520314321,0.0,1.187317078962522,1.1794638494330147,0.3070404372255826,1.6495716062538577,0.6125311625228917,1.5411466901948412,0.0,0.6043245464544285,0.0,1.2084925953932242,0.0,1.080788975952446,0.7829596658328146,0.0,0.9651671186866002,0.0,0.0,0.0,0.0,0.0,0.0,5.1488003295232225,84
85,95,4/26/20,17.13163184503868,5.2858778962205974,21.3717074213254,13.311092015029741,4.912646995609322,19.13503063254473,21.438590688301268,17.337900264691946,4.260395364689844,9.790057652561732,0.0,12.25756775327415,1.9861104674642003,7.565522831667117,4.30627816208048,4.86121238636916,3.860668474746402,0.0,6.263898023740174,0.0,0.0,2.689545735725236,5.954625751771501,15.446400988569664,0.8565815922519349,0.0,0.0,0.1684948356332896,0.0,0.10997144041692408,0.0,0.0,0.0,0.24172981858177067,0.0,0.17264179934188917,0.0,0.0,0.0,0.0,0.0,0.0,0.0,0.0,0.0,0.0,0.0,0.0,85
86,96,4/27/20,19.986903819211793,5.2858778962205974,21.965365960806665,14.82754553572933,5.219687432834904,21.774345202550897,22.663653013347055,18.493760282338073,5.680527152919791,11.844761110506786,0.0,12.77549315129982,1.9861104674642003,7.565522831667117,4.30627816208048,4.86121238636916,4.825835593433003,0.0,6.263898023740174,0.0,0.0,2.689545735725236,5.954625751771501,20.595201318092883,2.855271974173114,0.0,0.5936585394812646,1.5164535206995886,0.3070404372255826,2.6393145700061673,1.225062325045787,1.155860017646127,1.4201317882299476,2.0547034579450543,0.0,0.5179253980256693,0.0,0.0,0.0,0.0,0.9651671186866007,0.0,0.0,0.0,0.0,0.0,0.0,5.148800329523219,86
87,97,4/28/20,21.033836876408603,6.166857545590697,26.120975737175492,15.164535206995904,5.526727870060487,22.654116725886286,23.888715338392842,18.493760282338073,7.100658941149739,12.932545294124756,1.9129237126023413,13.466060348667378,1.9861104674642003,8.646311807619561,5.089237827913295,5.833454863642992,4.825835593433003,0.0,6.263898023740174,0.0,0.0,2.689545735725236,7.939501002362002,20.595201318092883,1.04693305719681,0.8809796493700999,4.155609776368827,0.33698967126657386,0.3070404372255826,0.8797715233353891,1.225062325045787,0.0,1.4201317882299476,1.0877841836179698,1.9129237126023413,0.6905671973675584,0.0,1.0807889759524443,0.7829596658328146,0.9722424772738325,0.0,0.0,0.0,0.0,0.0,0.0,1.984875250590501,0.0,87
88,98,4/29/20,23.032527258329782,7.047837194960796,26.714634276656753,17.01797839896207,5.8337683072860695,24.633602653390913,25.72630882596152,19.649620299984203,8.520790729379687,14.262059296324498,3.8258474252046826,14.329269345376826,1.9861104674642003,8.646311807619561,5.089237827913295,7.777939818190657,6.756169830806203,0.0,6.263898023740174,0.0,0.0,2.689545735725236,7.939501002362002,20.595201318092883,1.998690381921179,0.880979649370099,0.593658539481261,1.8534431919661678,0.3070404372255826,1.9794859275046264,1.8375934875686788,1.1558600176461304,1.4201317882299485,1.3295140021997423,1.9129237126023413,0.8632089967094476,0.0,0.0,0.0,1.944484954547665,1.9303342373732004,0.0,0.0,0.0,0.0,0.0,0.0,0.0,88
89,99,4/30/20,24.26981178047146,7.047837194960796,27.308292816138014,18.87142159092824,5.8337683072860695,26.393145700061694,26.951371151007304,21.57605366272775,9.940922517609634,14.866383842778927,3.8258474252046826,15.71040374011194,2.6481472899522673,8.646311807619561,5.089237827913295,7.777939818190657,6.756169830806203,0.0,6.263898023740174,0.0,0.0,2.689545735725236,11.909251503543002,25.744001647616106,1.2372845221416782,0.0,0.593658539481261,1.8534431919661678,0.0,1.7595430466707818,1.2250623250457835,1.9264333627435484,1.4201317882299467,0.6043245464544285,0.0,1.3811343947351133,0.6620368224880671,0.0,0.0,0.0,0.0,0.0,0.0,0.0,0.0,0.0,3.969750501181,5.1488003295232225,89
90,100,5/1/20,24.936041907778524,6.166857545590697,27.308292816138014,19.3769060978281,5.8337683072860695,26.723060021312467,28.17643347605309,21.57605366272775,9.940922517609634,15.59157329852424,5.738771137807024,15.53776194077005,2.6481472899522673,9.727100783572007,5.87219749374611,7.777939818190657,6.756169830806203,0.0,6.263898023740174,0.0,0.0,2.689545735725236,13.894126754133502,20.595201318092883,0.6662301273070632,-0.880979649370099,0.0,0.5054845068998617,0.0,0.32991432125077225,1.225062325045787,0.0,0.0,0.7251894557453138,1.9129237126023417,-0.17264179934188917,0.0,1.080788975952446,0.7829596658328146,0.0,0.0,0.0,0.0,0.0,0.0,0.0,1.9848752505905,-5.1488003295232225,90
91,101,5/2/20,26.839556557227265,6.166857545590697,27.308292816138014,21.23034928979427,6.140808744511651,29.582317472152482,28.788964638575987,22.731913680373882,11.361054305839582,16.800222391433095,5.738771137807024,16.22832913813761,3.9722209349284006,11.888678735476898,6.263677326662517,7.777939818190657,9.651671186866006,0.0,6.263898023740174,0.0,0.0,2.689545735725236,15.879002004724004,20.595201318092883,1.9035146494487414,0.0,0.0,1.8534431919661678,0.3070404372255817,2.8592574508400155,0.6125311625228953,1.1558600176461304,1.4201317882299485,1.2086490929088551,0.0,0.6905671973675602,1.3240736449761332,2.1615779519048903,0.3914798329164073,0.0,2.8955013560598024,0.0,0.0,0.0,0.0,0.0,1.9848752505905018,0.0,91
92,102,5/3/20,28.076841079368947,6.166857545590697,27.308292816138014,21.73583379669413,6.140808744511651,30.462088995487868,30.62655812614467,23.5024870254713,17.041581458759374,17.767141665760178,5.738771137807024,16.57361273682139,3.9722209349284006,11.888678735476898,6.263677326662517,8.750182295464489,9.651671186866006,0.0,6.263898023740174,0.0,0.0,2.689545735725236,15.879002004724004,30.892801977139328,1.2372845221416817,0.0,0.0,0.5054845068998617,0.0,0.8797715233353856,1.8375934875686823,0.7705733450974179,5.680527152919792,0.9669192743270827,0.0,0.34528359868377834,0.0,0.0,0.0,0.9722424772738316,0.0,0.0,0.0,0.0,0.0,0.0,0.0,10.297600659046445,92
93,103,5/4/20,28.64789547420357,6.166857545590697,27.90195135561927,21.73583379669413,6.754889618962817,31.23188907840634,30.62655812614467,23.887773698020013,17.041581458759374,18.250601302923723,5.738771137807024,17.436821733530834,3.9722209349284006,11.888678735476898,6.263677326662517,9.72242477273832,9.651671186866006,0.0,6.263898023740174,0.0,0.0,2.689545735725236,15.879002004724004,36.04160230666255,0.5710543948346221,0.0,0.5936585394812575,0.0,0.6140808744511661,0.7698000829184721,0.0,0.3852866725487125,0.0,0.4834596371635449,0.0,0.8632089967094458,0.0,0.0,0.0,0.9722424772738307,0.0,0.0,0.0,0.0,0.0,0.0,0.0,5.148800329523219,93
94,104,5/5/20,30.456234391179876,6.166857545590697,30.870244053025583,22.409813139227282,7.0619300561884,32.4415749229925,30.62655812614467,25.428920388214852,17.041581458759374,18.975790758669035,5.738771137807024,18.472672529582173,3.9722209349284006,11.888678735476898,7.438116825411739,12.639152204559815,10.616838305552607,0.0,6.263898023740174,0.0,0.0,2.689545735725236,15.879002004724004,36.04160230666255,1.8083389169763073,0.0,2.968292697406312,0.6739793425331513,0.3070404372255826,1.2096858445861614,0.0,1.5411466901948394,0.0,0.725189455745312,0.0,1.0358507960513386,0.0,0.0,1.174439498749222,2.9167274318214957,0.9651671186866011,0.0,0.0,0.0,0.0,0.0,0.0,0.0,94
95,105,5/6/20,31.693518913321554,6.166857545590697,32.65121967146936,23.5892769886603,7.676010930639566,34.20111796966328,31.851620451190456,26.199493733312273,17.041581458759374,19.70098021441435,5.738771137807024,18.645314328924062,4.634257757416467,11.888678735476898,8.221076491244553,12.639152204559815,10.616838305552607,0.0,6.263898023740174,0.0,0.0,2.689545735725236,15.879002004724004,41.190402636185766,1.2372845221416782,0.0,1.7809756184437795,1.1794638494330165,0.6140808744511661,1.7595430466707782,1.225062325045787,0.7705733450974215,0.0,0.7251894557453156,0.0,0.17264179934188917,0.6620368224880666,0.0,0.7829596658328137,0.0,0.0,0.0,0.0,0.0,0.0,0.0,0.0,5.148800329523219,95
96,106,5/7/20,32.835627702990806,7.047837194960796,32.0575611319881,25.105730509359887,8.29009180509073,35.63074669508329,31.239089288667564,26.970067078409688,17.041581458759374,20.426169670159663,5.738771137807024,19.16323972694973,4.634257757416467,11.888678735476898,8.61255632416096,12.639152204559815,12.547172542925807,0.0,6.263898023740174,0.0,0.0,2.689545735725236,15.879002004724004,41.190402636185766,1.1421087896692512,0.880979649370099,-0.593658539481261,1.5164535206995886,0.6140808744511643,1.4296287254200095,-0.6125311625228917,0.7705733450974144,0.0,0.725189455745312,0.0,0.5179253980256675,0.0,0.0,0.3914798329164082,0.0,1.9303342373732004,0.0,0.0,0.0,0.0,0.0,0.0,0.0,96
97,107,5/8/20,33.787385027715175,7.047837194960796,33.24487821095063,26.116699523159614,8.29009180509073,37.28031830133715,33.07668277623624,26.970067078409688,17.041581458759374,21.39308894448675,5.738771137807024,19.85380692431729,4.634257757416467,11.888678735476898,9.395515989993775,12.639152204559815,14.47750678029901,0.0,6.263898023740174,0.0,0.0,2.689545735725236,17.863877255314502,41.190402636185766,0.9517573247243689,0.0,1.1873170789625291,1.010969013799727,0.0,1.6495716062538577,1.8375934875686752,0.0,0.0,0.9669192743270862,0.0,0.6905671973675602,0.0,0.0,0.7829596658328146,0.0,1.9303342373732022,0.0,0.0,0.0,0.0,0.0,1.9848752505904983,0.0,97
98,108,5/9/20,35.119845282329294,7.047837194960796,34.432195289913146,27.464658208225917,8.904172679541896,38.38003270550638,32.46415161371335,27.74064042350711,17.041581458759374,22.36000821881383,7.651694850409365,20.199090523001068,5.296294579904535,11.888678735476898,9.786995822910182,12.639152204559815,14.47750678029901,0.0,6.263898023740174,0.0,0.0,2.689545735725236,17.863877255314502,51.48800329523221,1.3324602546141193,0.0,1.187317078962515,1.3479586850663026,0.6140808744511652,1.0997144041692337,-0.6125311625228917,0.7705733450974215,0.0,0.9669192743270827,1.9129237126023408,0.34528359868377834,0.6620368224880675,0.0,0.3914798329164064,0.0,0.0,0.0,0.0,0.0,0.0,0.0,0.0,10.297600659046445,98
99,109,5/10/20,36.35712980447098,7.047837194960796,34.432195289913146,28.475627222025643,8.904172679541896,38.81991846717407,33.07668277623624,28.51121376860453,17.041581458759374,23.085197674559147,7.651694850409365,20.889657720368625,5.958331402392601,11.888678735476898,9.786995822910182,12.639152204559815,14.47750678029901,0.0,6.263898023740174,0.0,0.0,2.689545735725236,17.863877255314502,66.93440428380187,1.2372845221416853,0.0,0.0,1.010969013799727,0.0,0.4398857616676892,0.6125311625228917,0.7705733450974215,0.0,0.7251894557453156,0.0,0.6905671973675567,0.6620368224880666,0.0,0.0,0.0,0.0,0.0,0.0,0.0,0.0,0.0,0.0,15.446400988569657,99
100,110,5/11/20,36.9281841993056,7.928816844330896,34.432195289913146,28.812616893292223,9.51825355399306,39.47974710967562,33.07668277623624,28.51121376860453,17.041581458759374,23.4477924024318,7.651694850409365,21.407583118394292,5.958331402392601,11.888678735476898,9.786995822910182,12.639152204559815,15.442673898985609,0.0,6.263898023740174,0.0,0.0,2.689545735725236,17.863877255314502,66.93440428380187,0.5710543948346185,0.8809796493700999,0.0,0.3369896712665792,0.6140808744511652,0.6598286425015516,0.0,0.0,0.0,0.36259472787265423,0.0,0.5179253980256675,0.0,0.0,0.0,0.0,0.9651671186865993,0.0,0.0,0.0,0.0,0.0,0.0,0.0,100
101,111,5/12/20,38.7365231162819,7.928816844330896,35.61951236887567,29.992080742725236,10.746415302895391,41.01934727551255,33.68921393875914,29.667073786250658,18.46171324698932,24.656441495340662,7.651694850409365,21.925508516419963,5.958331402392601,14.050256687381788,10.569955488742997,14.583637159107482,15.442673898985609,0.0,6.263898023740174,0.0,0.0,2.689545735725236,17.863877255314502,66.93440428380187,1.8083389169763038,0.0,1.187317078962522,1.179463849433013,1.2281617489023304,1.53960016583693,0.6125311625228989,1.155860017646127,1.420131788229945,1.2086490929088605,0.0,0.5179253980256711,0.0,2.1615779519048903,0.7829596658328146,1.9444849545476668,0.0,0.0,0.0,0.0,0.0,0.0,0.0,0.0,101
102,112,5/13/20,40.16415910336846,7.928816844330896,36.213170908356936,31.340039427791535,11.667536614572139,42.77889032218333,34.91427626380492,30.822933803896788,18.46171324698932,26.348550225413057,7.651694850409365,22.9613593124713,5.958331402392601,14.050256687381788,10.961435321659405,14.583637159107482,16.40784101767221,0.0,6.263898023740174,0.0,0.0,2.689545735725236,17.863877255314502,66.93440428380187,1.4276359870865605,0.0,0.5936585394812681,1.347958685066299,0.9211213116767478,1.7595430466707782,1.2250623250457835,1.1558600176461304,0.0,1.6921087300723947,0.0,1.035850796051335,0.0,0.0,0.3914798329164082,0.0,0.9651671186866029,0.0,0.0,0.0,0.0,0.0,0.0,0.0,102
103,113,5/14/20,41.591795090455015,7.928816844330896,36.80682944783819,32.35100844159126,12.281617489023303,43.76863328593564,36.139338588850705,32.36408049409163,18.46171324698932,26.952874771867485,9.564618563011708,23.306642911155077,5.958331402392601,14.050256687381788,12.527354653325034,16.528122113655147,16.40784101767221,0.0,6.263898023740174,0.0,0.0,2.689545735725236,17.863877255314502,72.0832046133251,1.4276359870865534,0.0,0.5936585394812539,1.010969013799727,0.6140808744511634,0.9897429637523132,1.2250623250457835,1.541146690194843,0.0,0.6043245464544285,1.9129237126023426,0.34528359868377834,0.0,0.0,1.5659193316656292,1.944484954547665,0.0,0.0,0.0,0.0,0.0,0.0,0.0,5.148800329523226,103
104,114,5/15/20,42.73390388012426,7.928816844330896,37.99414652680071,32.35100844159126,12.281617489023303,45.4182048921895,37.364400913896496,33.90522718428647,18.46171324698932,28.282388774067222,9.564618563011708,23.479284710496966,5.958331402392601,14.050256687381788,12.527354653325034,16.528122113655147,18.338175255045414,0.0,6.263898023740174,0.0,0.0,2.689545735725236,17.863877255314502,72.0832046133251,1.1421087896692441,0.0,1.187317078962522,0.0,0.0,1.6495716062538577,1.2250623250457906,1.5411466901948359,0.0,1.329514002199737,0.0,0.17264179934188917,0.0,0.0,0.0,0.0,1.9303342373732022,0.0,0.0,0.0,0.0,0.0,0.0,0.0,104
105,115,5/16/20,43.87601266979351,8.809796493700995,39.18146360576324,33.69896712665757,13.202738800700052,46.188004975107965,37.97693207641939,34.290513856835176,18.46171324698932,29.00757822981254,9.564618563011708,24.342493707206412,5.958331402392601,14.050256687381788,12.918834486241442,16.528122113655147,19.30334237373201,0.0,6.263898023740174,0.0,0.0,2.689545735725236,17.863877255314502,72.0832046133251,1.1421087896692512,0.880979649370099,1.1873170789625291,1.3479586850663097,0.9211213116767496,0.769800082918465,0.6125311625228917,0.38528667254870896,0.0,0.7251894557453191,0.0,0.8632089967094458,0.0,0.0,0.3914798329164082,0.0,0.9651671186865975,0.0,0.0,0.0,0.0,0.0,0.0,0.0,105
106,116,5/17/20,45.20847292440762,9.690776143071094,39.775122145244495,34.204451633557426,13.202738800700052,47.17774793886028,37.97693207641939,34.67580052938389,18.46171324698932,30.216227322721394,11.477542275614049,24.5151355065483,5.296294579904535,14.050256687381788,13.31031431915785,16.528122113655147,20.268509492418612,0.0,6.263898023740174,0.0,0.0,2.689545735725236,19.848752505905004,72.0832046133251,1.3324602546141122,0.880979649370099,0.5936585394812539,0.5054845068998546,0.0,0.9897429637523132,0.0,0.38528667254871607,0.0,1.2086490929088534,1.9129237126023408,0.17264179934188917,-0.6620368224880666,0.0,0.3914798329164082,0.0,0.9651671186866011,0.0,0.0,0.0,0.0,0.0,1.9848752505905018,0.0,106
107,117,5/18/20,45.684351586769814,9.690776143071094,40.368780684725756,35.04692581172387,13.816819675151217,47.94754802177874,37.97693207641939,34.67580052938389,19.881845035219268,30.82055186917582,11.477542275614049,24.5151355065483,5.296294579904535,14.050256687381788,13.31031431915785,16.528122113655147,20.268509492418612,0.0,6.263898023740174,0.0,0.0,2.689545735725236,19.848752505905004,72.0832046133251,0.47587866236219156,0.0,0.593658539481261,0.8424741781664409,0.6140808744511652,0.769800082918465,0.0,0.0,1.4201317882299485,0.6043245464544249,0.0,0.0,0.0,0.0,0.0,0.0,0.0,0.0,0.0,0.0,0.0,0.0,0.0,0.0,107
108,118,5/19/20,47.87339343363587,10.571755792441195,40.96243922420702,35.383915482990446,15.044981424053546,48.93729098553105,38.58946323894228,34.67580052938389,19.881845035219268,31.787471143502906,11.477542275614049,25.033060904573972,5.296294579904535,14.050256687381788,13.701794152074255,17.500364590928978,20.268509492418612,0.0,6.263898023740174,0.0,3.9038101186758274,2.689545735725236,21.833627756495503,72.0832046133251,2.189041846866054,0.8809796493701008,0.593658539481261,0.3369896712665792,1.2281617489023287,0.9897429637523061,0.6125311625228917,0.0,0.0,0.9669192743270862,0.0,0.5179253980256711,0.0,0.0,0.39147983291640465,0.9722424772738307,0.0,0.0,0.0,0.0,3.9038101186758274,0.0,1.9848752505904983,0.0,108
109,119,5/20/20,49.015502223305106,10.571755792441195,42.149756303169546,36.22638966115689,15.352021861279132,49.81706250886645,39.20199440146517,35.83166054703002,19.881845035219268,33.479579873575304,15.30338970081873,25.033060904573972,5.958331402392601,15.131045663334234,15.267713483739886,19.44484954547664,20.268509492418612,0.0,6.263898023740174,0.0,3.9038101186758274,2.689545735725236,21.833627756495503,72.0832046133251,1.142108789669237,0.0,1.1873170789625291,0.8424741781664409,0.30704043722558616,0.8797715233353998,0.6125311625228917,1.155860017646127,0.0,1.6921087300723983,3.8258474252046817,0.0,0.6620368224880666,1.080788975952446,1.565919331665631,1.9444849545476615,0.0,0.0,0.0,0.0,0.0,0.0,0.0,0.0,109
110,120,5/21/20,50.2527867454468,11.452735441811294,41.556097763688285,36.73187416805675,15.044981424053546,51.24669123428646,39.81452556398806,36.21694721957873,19.881845035219268,34.567364057193274,15.30338970081873,25.37834450325775,6.620368224880667,16.211834639286682,15.659193316656294,19.44484954547664,21.233676611105214,0.0,6.263898023740174,0.0,3.9038101186758274,2.689545735725236,21.833627756495503,72.0832046133251,1.2372845221416924,0.880979649370099,-0.593658539481261,0.5054845068998617,-0.30704043722558616,1.4296287254200095,0.6125311625228917,0.38528667254870896,0.0,1.0877841836179698,0.0,0.34528359868377834,0.6620368224880657,1.0807889759524478,0.3914798329164082,0.0,0.9651671186866011,0.0,0.0,0.0,0.0,0.0,0.0,0.0,110
111,121,5/22/20,51.394895535116035,11.452735441811294,43.33707338213206,37.06886383932332,15.352021861279132,52.45637707887261,41.039587889033854,36.60223389212744,19.881845035219268,35.29255351293859,15.30338970081873,25.72362810194153,6.620368224880667,16.211834639286682,18.008072314154738,19.44484954547664,21.233676611105214,0.0,6.263898023740174,0.0,3.9038101186758274,2.689545735725236,23.818503007086004,77.23200494284832,1.142108789669237,0.0,1.780975618443776,0.3369896712665721,0.30704043722558616,1.2096858445861542,1.2250623250457906,0.38528667254870896,0.0,0.7251894557453156,0.0,0.34528359868377834,0.0,0.0,2.348878997498444,0.0,0.0,0.0,0.0,0.0,0.0,0.0,1.9848752505905018,5.148800329523226,111
112,122,5/23/20,52.34665285984041,12.333715091181395,45.11804900057585,38.58531736002291,15.966102735730296,53.226177161791085,42.264650214079644,36.987520564676146,19.881845035219268,36.138607877974785,15.30338970081873,25.896269901283418,6.620368224880667,16.211834639286682,18.008072314154738,19.44484954547664,21.233676611105214,0.0,6.263898023740174,0.0,3.9038101186758274,2.689545735725236,23.818503007086004,77.23200494284832,0.951757324724376,0.8809796493701008,1.7809756184437902,1.5164535206995922,0.6140808744511634,0.7698000829184721,1.2250623250457906,0.38528667254870896,0.0,0.8460543650361956,0.0,0.17264179934188917,0.0,0.0,0.0,0.0,0.0,0.0,0.0,0.0,0.0,0.0,0.0,0.0,112
113,123,5/24/20,53.108058719619905,12.333715091181395,45.11804900057585,38.92230703128949,15.966102735730296,53.88600580429262,42.264650214079644,37.75809390977357,19.881845035219268,36.25947278726567,19.129237126023416,26.41419529930909,7.2824050473687345,16.211834639286682,18.79103197998755,20.417092022750474,21.233676611105214,0.0,6.263898023740174,0.0,3.9038101186758274,2.689545735725236,23.818503007086004,72.0832046133251,0.7614058597794937,0.0,0.0,0.3369896712665792,0.0,0.6598286425015374,0.0,0.770573345097425,0.0,0.12086490929088711,3.8258474252046852,0.5179253980256711,0.6620368224880675,0.0,0.7829596658328128,0.9722424772738343,0.0,0.0,0.0,0.0,0.0,0.0,0.0,-5.148800329523226,113
114,124,5/25/20,53.488761649509655,13.214694740551494,46.899024619019634,39.427791538189354,15.966102735730296,54.65580588721109,42.264650214079644,38.14338058232227,19.881845035219268,37.105527152301875,21.042160838625755,27.104762496676646,7.2824050473687345,17.292623615239123,18.79103197998755,20.417092022750474,21.233676611105214,0.0,6.263898023740174,0.0,7.807620237351655,2.689545735725236,23.818503007086004,72.0832046133251,0.3807029298897504,0.880979649370099,1.780975618443783,0.5054845068998617,0.0,0.769800082918465,0.0,0.38528667254870186,0.0,0.8460543650362027,1.912923712602339,0.6905671973675567,0.0,1.0807889759524407,0.0,0.0,0.0,0.0,0.0,0.0,3.9038101186758274,0.0,0.0,0.0,114
115,125,5/26/20,53.96464031187184,13.214694740551494,47.492683158500896,39.76478120945593,16.27314317295588,55.64554885096341,42.877181376602536,38.9139539274197,19.881845035219268,37.709851698756296,21.042160838625755,27.450046095360424,7.944441869856801,17.292623615239123,18.79103197998755,20.417092022750474,21.233676611105214,0.0,6.263898023740174,0.0,7.807620237351655,2.689545735725236,23.818503007086004,77.23200494284832,0.47587866236218446,0.0,0.593658539481261,0.3369896712665792,0.3070404372255844,0.9897429637523203,0.6125311625228917,0.770573345097425,0.0,0.6043245464544214,0.0,0.34528359868377834,0.6620368224880666,0.0,0.0,0.0,0.0,0.0,0.0,0.0,0.0,0.0,0.0,5.148800329523226,115
116,126,5/27/20,54.44051897423403,14.095674389921593,51.05463439538846,39.76478120945593,16.58018361018146,57.18514901680034,43.48971253912543,39.684527272517116,21.301976823449216,38.676770973083386,21.042160838625755,28.14061329272798,7.944441869856801,19.454201567144015,19.182511812903957,20.417092022750474,24.129177967165013,0.0,9.39584703561026,0.0,7.807620237351655,2.689545735725236,23.818503007086004,77.23200494284832,0.47587866236219156,0.880979649370099,3.561951236887566,0.0,0.30704043722558083,1.53960016583693,0.6125311625228917,0.7705733450974179,1.4201317882299485,0.9669192743270898,0.0,0.6905671973675567,0.0,2.161577951904892,0.3914798329164064,0.0,2.8955013560597997,0.0,3.131949011870086,0.0,0.0,0.0,0.0,0.0,116
117,127,5/28/20,55.29710056648596,16.738613338031893,50.46097585590719,40.438760551989084,17.194264484632626,58.28486342096958,44.10224370164832,40.069813945065825,21.301976823449216,39.03936570095604,21.042160838625755,28.14061329272798,7.944441869856801,18.37341259119157,19.182511812903957,21.389334500024304,26.05951220453822,0.0,9.39584703561026,0.0,7.807620237351655,2.689545735725236,23.818503007086004,77.23200494284832,0.8565815922519278,2.6429389481103005,-0.5936585394812681,0.6739793425331513,0.6140808744511652,1.0997144041692408,0.6125311625228917,0.38528667254870896,0.0,0.36259472787265423,0.0,0.0,0.0,-1.0807889759524443,0.0,0.9722424772738307,1.9303342373732058,0.0,0.0,0.0,0.0,0.0,0.0,0.0,117
118,128,5/29/20,56.62956082110007,17.61959298740199,50.46097585590719,41.78671923705538,17.80834535908379,58.28486342096958,44.10224370164832,40.45510061761454,22.722108611679165,40.61060952173755,24.86800826383044,28.831180490095537,8.606478692344869,18.37341259119157,19.182511812903957,21.389334500024304,28.95501356059802,0.0,9.39584703561026,0.0,7.807620237351655,2.689545735725236,23.818503007086004,87.52960560189476,1.3324602546141122,0.8809796493700972,0.0,1.3479586850662955,0.6140808744511652,0.0,0.0,0.38528667254871607,1.4201317882299485,1.5712438207815111,3.8258474252046852,0.6905671973675567,0.6620368224880675,0.0,0.0,0.0,2.8955013560597997,0.0,0.0,0.0,0.0,0.0,0.0,10.297600659046438,118
119,129,5/30/20,57.58131814582445,17.61959298740199,53.429268553313506,42.79768825085511,17.80834535908379,59.274606384721885,44.10224370164832,40.45510061761454,22.722108611679165,41.0940691589011,24.86800826383044,29.694389486804987,8.606478692344869,19.454201567144015,19.182511812903957,21.389334500024304,28.95501356059802,0.0,9.39584703561026,0.0,7.807620237351655,5.379091471450472,23.818503007086004,97.82720626094121,0.951757324724376,0.0,2.968292697406312,1.0109690137997305,0.0,0.9897429637523061,0.0,0.0,0.0,0.48345963716354845,0.0,0.8632089967094494,0.0,1.0807889759524443,0.0,0.0,0.0,0.0,0.0,0.0,0.0,2.689545735725236,0.0,10.297600659046452,119
120,130,5/31/20,58.247548273131514,19.38155228614219,53.429268553313506,43.47166759338826,17.80834535908379,59.49454926555573,44.10224370164832,40.45510061761454,24.14224039990911,41.57752879606464,24.86800826383044,30.039673085488765,9.268515514832934,19.454201567144015,19.965471478736774,22.36157697729814,28.95501356059802,0.0,9.39584703561026,2.9934742261869123,7.807620237351655,5.379091471450472,25.803378257676506,97.82720626094121,0.6662301273070668,1.761959298740198,0.0,0.6739793425331513,0.0,0.21994288083384816,0.0,0.0,1.420131788229945,0.48345963716354134,0.0,0.34528359868377834,0.6620368224880657,0.0,0.7829596658328164,0.9722424772738343,0.0,0.0,0.0,2.9934742261869123,0.0,0.0,1.9848752505905018,0.0,120
121,131,6/1/20,58.62825120302125,20.26253193551229,54.61658563227603,43.97715210028813,18.72946667076054,59.93443502722343,44.71477486417122,40.84038729016325,24.14224039990911,42.18185334251906,24.86800826383044,30.212314884830658,9.268515514832934,19.454201567144015,19.965471478736774,22.36157697729814,28.95501356059802,0.0,9.39584703561026,2.9934742261869123,7.807620237351655,5.379091471450472,23.818503007086004,97.82720626094121,0.3807029298897362,0.8809796493701008,1.187317078962522,0.5054845068998688,0.9211213116767496,0.43988576166769633,0.6125311625228989,0.38528667254870896,0.0,0.6043245464544214,0.0,0.17264179934189272,0.0,0.0,0.0,0.0,0.0,0.0,0.0,0.0,0.0,0.0,-1.9848752505905018,0.0,121
122,132,6/2/20,59.38965706280075,21.14351158488239,55.21024417175728,44.3141417715547,18.72946667076054,60.7042351101419,44.71477486417122,41.22567396271195,24.14224039990911,43.26963752613704,24.86800826383044,30.73024028285632,9.930552337321002,19.454201567144015,19.965471478736774,23.33381945457197,28.95501356059802,0.0,9.39584703561026,2.9934742261869123,11.711430356027483,8.068637207175708,23.818503007086004,97.82720626094121,0.7614058597795008,0.8809796493701008,0.5936585394812539,0.3369896712665721,0.0,0.7698000829184721,0.0,0.38528667254870186,0.0,1.087784183617977,0.0,0.517925398025664,0.6620368224880675,0.0,0.0,0.9722424772738307,0.0,0.0,0.0,0.0,3.9038101186758283,2.689545735725236,0.0,0.0,122
123,133,6/3/20,60.24623865505269,23.78645053299269,56.99121979020107,44.819626278454564,18.72946667076054,62.133863835561904,45.939837189217,41.99624730780938,24.14224039990911,44.23655680046412,24.86800826383044,30.73024028285632,10.59258915980907,21.615779519048907,19.965471478736774,23.33381945457197,28.95501356059802,0.0,9.39584703561026,2.9934742261869123,11.711430356027483,8.068637207175708,23.818503007086004,97.82720626094121,0.856581592251942,2.6429389481102987,1.7809756184437902,0.5054845068998617,0.0,1.4296287254200024,1.2250623250457835,0.770573345097425,0.0,0.9669192743270827,0.0,0.0,0.6620368224880675,2.161577951904892,0.0,0.0,0.0,0.0,0.0,0.0,0.0,0.0,0.0,0.0,123
124,134,6/4/20,60.53176585247,24.66743018236279,58.178536869163594,45.32511078535443,19.957628419662868,63.783435441815755,48.389961839308576,41.99624730780938,22.722108611679165,44.84088134691855,26.78093197643278,30.902882082198214,10.59258915980907,21.615779519048907,19.965471478736774,23.33381945457197,30.885347797971217,0.0,9.39584703561026,2.9934742261869123,11.711430356027483,8.068637207175708,23.818503007086004,97.82720626094121,0.28552719741730925,0.8809796493701008,1.187317078962522,0.5054845068998688,1.2281617489023269,1.6495716062538506,2.450124650091574,0.0,-1.420131788229945,0.6043245464544285,1.912923712602339,0.17264179934189272,0.0,0.0,0.0,0.0,1.9303342373731986,0.0,0.0,0.0,0.0,0.0,0.0,0.0,124
125,135,6/5/20,61.38834744472193,26.429389481102987,58.178536869163594,45.83059529225429,19.957628419662868,64.55323552473423,48.389961839308576,42.381533980358086,22.722108611679165,45.44520589337298,26.78093197643278,31.42080748022388,10.59258915980907,21.615779519048907,19.965471478736774,23.33381945457197,30.885347797971217,0.0,12.527796047480347,2.9934742261869123,15.61524047470331,10.758182942900945,23.818503007086004,97.82720626094121,0.8565815922519278,1.761959298740198,0.0,0.5054845068998546,0.0,0.7698000829184792,0.0,0.38528667254870896,0.0,0.6043245464544285,0.0,0.517925398025664,0.0,0.0,0.0,0.0,0.0,0.0,3.1319490118700877,0.0,3.9038101186758265,2.689545735725236,0.0,0.0,125
126,136,6/6/20,62.054577572029,29.072328429213286,59.95951248760738,46.504574634787446,19.957628419662868,65.43300704806963,49.61502416435436,42.766820652906794,22.722108611679165,46.41212516770006,30.60677940163746,31.93873287824955,10.59258915980907,22.69656849500135,20.35695131165318,23.33381945457197,30.885347797971217,0.0,12.527796047480347,2.9934742261869123,15.61524047470331,10.758182942900945,23.818503007086004,97.82720626094121,0.6662301273070668,2.6429389481102987,1.780975618443783,0.6739793425331584,0.0,0.8797715233353927,1.2250623250457835,0.38528667254870896,0.0,0.9669192743270827,3.8258474252046817,0.5179253980256711,0.0,1.0807889759524443,0.3914798329164064,0.0,0.0,0.0,0.0,0.0,0.0,0.0,0.0,0.0,126
127,137,6/7/20,62.43528050191874,29.953308078583387,59.95951248760738,47.34704881295388,20.571709294114036,65.76292136932038,49.00249300183147,42.766820652906794,22.722108611679165,46.65385498628183,30.60677940163746,31.93873287824955,10.59258915980907,22.69656849500135,20.74843114456959,23.33381945457197,30.885347797971217,0.0,12.527796047480347,2.9934742261869123,15.61524047470331,10.758182942900945,23.818503007086004,97.82720626094121,0.3807029298897433,0.8809796493701008,0.0,0.8424741781664338,0.6140808744511688,0.3299143212507545,-0.6125311625228917,0.0,0.0,0.24172981858176712,0.0,0.0,0.0,0.0,0.39147983291641,0.0,0.0,0.0,0.0,0.0,0.0,0.0,0.0,0.0,127
128,138,6/8/20,62.720807699336056,29.953308078583387,59.95951248760738,47.51554364858717,20.878749731339617,66.20280713098808,49.00249300183147,42.766820652906794,22.722108611679165,46.8955848048636,30.60677940163746,31.93873287824955,10.59258915980907,22.69656849500135,20.74843114456959,23.33381945457197,30.885347797971217,0.0,12.527796047480347,2.9934742261869123,15.61524047470331,10.758182942900945,23.818503007086004,97.82720626094121,0.28552719741731636,0.0,0.0,0.1684948356332896,0.30704043722558083,0.43988576166769633,0.0,0.0,0.0,0.24172981858177423,0.0,0.0,0.0,0.0,0.0,0.0,0.0,0.0,0.0,0.0,0.0,0.0,0.0,0.0,128
129,139,6/9/20,63.48221355911556,29.953308078583387,60.55317102708864,48.35801782675361,21.799871043016367,66.7526643330727,50.22755532687725,42.766820652906794,24.14224039990911,48.10423389777246,28.69385568903512,32.11137467759144,11.254625982297135,22.69656849500135,21.531390810402403,24.306061931845804,31.85051491665782,0.0,12.527796047480347,2.9934742261869123,11.711430356027483,10.758182942900945,23.818503007086004,97.82720626094121,0.7614058597795008,0.0,0.593658539481261,0.8424741781664409,0.9211213116767496,0.549857202084624,1.2250623250457835,0.0,1.420131788229945,1.208649092908857,-1.912923712602339,0.17264179934189272,0.6620368224880657,0.0,0.7829596658328128,0.9722424772738343,0.9651671186866011,0.0,0.0,0.0,-3.9038101186758265,0.0,0.0,0.0,129
130,140,6/10/20,63.958092221477735,30.834287727953484,61.14682956656989,48.69500749802018,22.41395191746753,67.41249297557425,50.84008648940015,43.1521073254555,24.14224039990911,48.587693534936,28.69385568903512,32.801941874959,11.254625982297135,22.69656849500135,22.314350476235216,24.306061931845804,31.85051491665782,0.0,12.527796047480347,5.986948452373825,11.711430356027483,10.758182942900945,23.818503007086004,97.82720626094121,0.47587866236217735,0.8809796493700972,0.5936585394812539,0.3369896712665721,0.6140808744511617,0.6598286425015516,0.6125311625228989,0.38528667254870896,0.0,0.48345963716354134,0.0,0.6905671973675567,0.0,0.0,0.7829596658328128,0.0,0.0,0.0,0.0,2.9934742261869123,0.0,0.0,0.0,0.0,130
131,141,6/11/20,64.14844368642261,31.715267377323585,61.14682956656989,49.200492004920044,22.41395191746753,68.1822930584927,50.84008648940015,43.1521073254555,24.14224039990911,49.07115317209955,30.60677940163746,32.97458367430089,13.240736449761334,22.69656849500135,22.314350476235216,26.250546886393465,31.85051491665782,0.0,12.527796047480347,5.986948452373825,11.711430356027483,10.758182942900945,23.818503007086004,108.12480691998765,0.1903514649448752,0.8809796493701008,0.0,0.5054845068998617,0.0,0.7698000829184508,0.0,0.0,0.0,0.48345963716354845,1.912923712602339,0.17264179934188917,1.986110467464199,0.0,0.0,1.9444849545476615,0.0,0.0,0.0,0.0,0.0,0.0,0.0,10.297600659046438,131
132,142,6/12/20,64.62432234878479,35.23918597480398,61.14682956656989,49.53748167618663,22.41395191746753,69.39197890307886,50.22755532687725,43.92268067055292,24.14224039990911,49.554612809263084,30.60677940163746,33.14722547364278,13.902773272249402,22.69656849500135,22.705830309151626,27.2227893636673,32.81568203534442,0.0,12.527796047480347,5.986948452373825,11.711430356027483,10.758182942900945,23.818503007086004,113.27360724951087,0.47587866236217735,3.523918597480396,0.0,0.3369896712665863,0.0,1.2096858445861614,-0.6125311625228989,0.7705733450974179,0.0,0.48345963716353424,0.0,0.17264179934188917,0.6620368224880675,0.0,0.39147983291641,0.9722424772738343,0.9651671186866047,0.0,0.0,0.0,0.0,0.0,0.0,5.148800329523226,132
133,143,6/13/20,65.29055247609186,35.23918597480398,62.33414664553243,50.04296618308649,22.41395191746753,69.72189322432965,50.84008648940015,43.92268067055292,24.14224039990911,50.2798022650084,30.60677940163746,33.14722547364278,14.564810094737469,22.69656849500135,22.705830309151626,29.167274318214965,33.78084915403102,0.0,12.527796047480347,5.986948452373825,11.711430356027483,10.758182942900945,23.818503007086004,118.42240757903409,0.6662301273070739,0.0,1.1873170789625362,0.5054845068998617,0.0,0.3299143212507829,0.6125311625228989,0.0,0.0,0.7251894557453156,0.0,0.0,0.6620368224880675,0.0,0.0,1.944484954547665,0.965167118686594,0.0,0.0,0.0,0.0,0.0,0.0,5.148800329523212,133
134,144,6/14/20,65.67125540598161,34.35820632543388,62.33414664553243,50.716945525619636,22.720992354693113,70.05180754558042,50.84008648940015,43.92268067055292,24.14224039990911,51.004991720753715,32.5197031142398,33.492509072326555,14.564810094737469,22.69656849500135,22.705830309151626,29.167274318214965,33.78084915403102,0.0,12.527796047480347,5.986948452373825,11.711430356027483,10.758182942900945,23.818503007086004,118.42240757903409,0.3807029298897504,-0.8809796493700972,0.0,0.6739793425331442,0.3070404372255844,0.3299143212507687,0.0,0.0,0.0,0.7251894557453156,1.9129237126023426,0.34528359868377834,0.0,0.0,0.0,0.0,0.0,0.0,0.0,0.0,0.0,0.0,0.0,0.0,134
135,145,6/15/20,66.05195833587135,35.23918597480398,62.33414664553243,50.716945525619636,23.028032791918694,70.38172186683119,50.84008648940015,43.92268067055292,24.14224039990911,51.24672153933548,32.5197031142398,33.492509072326555,14.564810094737469,22.69656849500135,22.705830309151626,29.167274318214965,33.78084915403102,0.0,12.527796047480347,5.986948452373825,11.711430356027483,10.758182942900945,23.818503007086004,123.57120790855731,0.3807029298897362,0.8809796493700972,0.0,0.0,0.30704043722558083,0.3299143212507687,0.0,0.0,0.0,0.24172981858176712,0.0,0.0,0.0,0.0,0.0,0.0,0.0,0.0,0.0,0.0,0.0,0.0,0.0,5.148800329523226,135
136,146,6/16/20,66.4326612657611,35.23918597480398,62.33414664553243,51.22243003251951,23.335073229144278,70.82160762849888,50.84008648940015,44.30796734310163,24.14224039990911,51.60931626720814,32.5197031142398,33.492509072326555,14.564810094737469,22.69656849500135,23.097310142068032,29.167274318214965,33.78084915403102,0.0,12.527796047480347,5.986948452373825,11.711430356027483,10.758182942900945,25.803378257676506,123.57120790855731,0.3807029298897504,0.0,0.0,0.5054845068998759,0.3070404372255844,0.43988576166769633,0.0,0.38528667254870896,0.0,0.36259472787266134,0.0,0.0,0.0,0.0,0.3914798329164064,0.0,0.0,0.0,0.0,0.0,0.0,0.0,1.9848752505905018,0.0,136
137,147,6/17/20,67.00371566059572,36.12016562417408,62.33414664553243,51.727914539419366,23.642113666369863,71.26149339016658,52.065148814445934,44.30796734310163,24.14224039990911,52.21364081366257,32.5197031142398,33.665150871668445,14.564810094737469,23.777357470953795,23.880269807900845,29.167274318214965,34.74601627271762,0.0,12.527796047480347,5.986948452373825,11.711430356027483,10.758182942900945,27.788253508267005,123.57120790855731,0.5710543948346185,0.8809796493700972,0.0,0.5054845068998546,0.3070404372255844,0.43988576166769633,1.2250623250457835,0.0,0.0,0.6043245464544285,0.0,0.17264179934188917,0.0,1.0807889759524443,0.7829596658328128,0.0,0.9651671186866011,0.0,0.0,0.0,0.0,0.0,1.9848752505904983,0.0,137
138,148,6/18/20,67.28924285801304,38.76310457228438,64.1151222639762,52.064904210685945,24.256194540821028,71.37146483058349,52.677679976968825,44.30796734310163,24.14224039990911,52.817965360117,32.5197031142398,33.837792671010334,15.888883739713602,24.858146446906243,24.27174964081725,28.19503184094113,35.71118339140422,0.0,12.527796047480347,5.986948452373825,11.711430356027483,10.758182942900945,27.788253508267005,123.57120790855731,0.28552719741732346,2.6429389481102987,1.780975618443776,0.3369896712665792,0.6140808744511652,0.10997144041691342,0.6125311625228917,0.0,0.0,0.6043245464544285,0.0,0.17264179934188917,1.3240736449761332,1.0807889759524478,0.3914798329164064,-0.9722424772738343,0.9651671186866011,0.0,0.0,0.0,0.0,0.0,0.0,0.0,138
139,149,6/19/20,67.57477005543035,38.76310457228438,64.1151222639762,52.23339904631923,24.256194540821028,71.81135059225119,52.677679976968825,44.693254015650346,24.14224039990911,53.42228990657142,32.5197031142398,34.18307626969411,16.550920562201668,24.858146446906243,23.880269807900845,28.19503184094113,35.71118339140422,0.0,12.527796047480347,5.986948452373825,11.711430356027483,10.758182942900945,27.788253508267005,118.42240757903409,0.28552719741730925,0.0,0.0,0.1684948356332825,0.0,0.43988576166769633,0.0,0.38528667254871607,0.0,0.6043245464544214,0.0,0.34528359868377834,0.6620368224880657,0.0,-0.3914798329164064,0.0,0.0,0.0,0.0,0.0,0.0,0.0,0.0,-5.148800329523226,139
140,150,6/20/20,67.9554729853201,38.76310457228438,64.70878080345747,52.73888355321909,24.563234978046605,72.36120779433581,52.677679976968825,44.693254015650346,24.14224039990911,54.147479362316744,32.5197031142398,34.52835986837789,16.550920562201668,24.858146446906243,23.880269807900845,28.19503184094113,35.71118339140422,0.0,12.527796047480347,5.986948452373825,11.711430356027483,10.758182942900945,27.788253508267005,118.42240757903409,0.3807029298897504,0.0,0.5936585394812681,0.5054845068998617,0.3070404372255773,0.549857202084624,0.0,0.0,0.0,0.7251894557453227,0.0,0.34528359868377834,0.0,0.0,0.0,0.0,0.0,0.0,0.0,0.0,0.0,0.0,0.0,0.0,140
141,151,6/21/20,68.52652738015472,39.64408422165448,64.70878080345747,52.73888355321909,24.563234978046605,72.47117923475274,52.677679976968825,44.693254015650346,24.14224039990911,54.51007409018939,32.5197031142398,34.52835986837789,16.550920562201668,24.858146446906243,23.880269807900845,28.19503184094113,35.71118339140422,0.0,12.527796047480347,5.986948452373825,11.711430356027483,10.758182942900945,27.788253508267005,118.42240757903409,0.5710543948346185,0.8809796493701043,0.0,0.0,0.0,0.10997144041692763,0.0,0.0,0.0,0.3625947278726471,0.0,0.0,0.0,0.0,0.0,0.0,0.0,0.0,0.0,0.0,0.0,0.0,0.0,0.0,141
142,152,6/22/20,68.81205457757203,40.52506387102458,64.70878080345747,53.244368060118966,24.563234978046605,72.69112211558658,52.677679976968825,44.693254015650346,24.14224039990911,54.99353372735294,32.5197031142398,34.52835986837789,16.550920562201668,24.858146446906243,23.880269807900845,28.19503184094113,35.71118339140422,0.0,12.527796047480347,5.986948452373825,11.711430356027483,10.758182942900945,29.773128758857506,118.42240757903409,0.28552719741730925,0.8809796493700972,0.0,0.5054845068998759,0.0,0.21994288083384106,0.0,0.0,0.0,0.48345963716354845,0.0,0.0,0.0,0.0,0.0,0.0,0.0,0.0,0.0,0.0,0.0,0.0,1.9848752505905018,0.0,142
143,153,6/23/20,69.0024060425169,42.28702316976478,64.70878080345747,53.74985256701882,24.563234978046605,72.69112211558658,52.677679976968825,44.693254015650346,24.14224039990911,55.356128455225594,32.5197031142398,34.70100166771978,16.550920562201668,25.938935422858684,23.880269807900845,28.19503184094113,36.67635051009083,0.0,15.659745059350435,8.980422678560737,11.711430356027483,10.758182942900945,29.773128758857506,118.42240757903409,0.1903514649448681,1.7619592987402015,0.0,0.5054845068998546,0.0,0.0,0.0,0.0,0.0,0.36259472787265423,0.0,0.17264179934188917,0.0,1.0807889759524407,0.0,0.0,0.9651671186866082,0.0,3.1319490118700877,2.9934742261869127,0.0,0.0,0.0,0.0,143
144,154,6/24/20,69.28793323993422,42.28702316976478,64.70878080345747,54.76082158081854,24.870275415272193,72.8010935560035,52.677679976968825,44.693254015650346,24.14224039990911,55.59785827380737,30.60677940163746,34.87364346706167,17.212957384689737,27.01972439881113,23.880269807900845,28.19503184094113,37.64151762877742,3.446611980423244,15.659745059350435,8.980422678560737,11.711430356027483,10.758182942900945,29.773128758857506,118.42240757903409,0.28552719741732346,0.0,0.0,1.0109690137997234,0.30704043722558794,0.10997144041691342,0.0,0.0,0.0,0.24172981858177423,-1.9129237126023426,0.17264179934188917,0.6620368224880693,1.0807889759524478,0.0,0.0,0.965167118686594,3.446611980423244,0.0,0.0,0.0,0.0,0.0,0.0,144
145,155,6/25/20,69.57346043735153,42.28702316976478,64.70878080345747,55.09781125208513,25.484356289723358,73.57089363892197,52.677679976968825,44.693254015650346,24.14224039990911,55.59785827380737,30.60677940163746,34.70100166771978,17.212957384689737,28.100513374763576,23.880269807900845,28.19503184094113,38.60668474746402,3.446611980423244,15.659745059350435,8.980422678560737,11.711430356027483,10.758182942900945,31.75800400944801,118.42240757903409,0.28552719741730925,0.0,0.0,0.3369896712665863,0.6140808744511652,0.7698000829184792,0.0,0.0,0.0,0.0,0.0,-0.17264179934188917,0.0,1.0807889759524443,0.0,0.0,0.9651671186866011,0.0,0.0,0.0,0.0,0.0,1.9848752505905018,0.0,145
146,156,6/26/20,69.47828470487909,44.048982468504974,65.30243934293873,55.60329575898499,25.79139672694894,74.34069372184044,52.677679976968825,44.693254015650346,24.14224039990911,55.71872318309825,30.60677940163746,35.046285266403565,17.212957384689737,28.100513374763576,23.880269807900845,28.19503184094113,38.60668474746402,0.0,15.659745059350435,8.980422678560737,11.711430356027483,10.758182942900945,33.74287926003851,118.42240757903409,-0.09517573247244115,1.7619592987401944,0.5936585394812539,0.5054845068998617,0.30704043722558083,0.769800082918465,0.0,0.0,0.0,0.12086490929088001,0.0,0.34528359868378544,0.0,0.0,0.0,0.0,0.0,-3.446611980423244,0.0,0.0,0.0,0.0,1.9848752505904983,0.0,146
147,157,6/27/20,69.85898763476884,44.92996211787508,65.30243934293873,56.10878026588485,26.098437164174523,74.45066516225737,52.677679976968825,45.078540688199055,24.14224039990911,56.20218282026179,30.60677940163746,35.564210664429226,17.212957384689737,28.100513374763576,23.880269807900845,28.19503184094113,38.60668474746402,0.0,15.659745059350435,8.980422678560737,11.711430356027483,10.758182942900945,33.74287926003851,118.42240757903409,0.3807029298897504,0.8809796493701043,0.0,0.5054845068998617,0.3070404372255844,0.10997144041692763,0.0,0.38528667254870896,0.0,0.48345963716354134,0.0,0.5179253980256604,0.0,0.0,0.0,0.0,0.0,0.0,0.0,0.0,0.0,0.0,0.0,0.0,147
148,158,6/28/20,69.95416336724128,44.92996211787508,65.89609788241998,56.445769937151425,26.098437164174523,74.5606366026743,52.677679976968825,45.078540688199055,24.14224039990911,56.443912638843564,30.60677940163746,35.73685246377112,17.212957384689737,28.100513374763576,23.880269807900845,28.19503184094113,38.60668474746402,0.0,15.659745059350435,8.980422678560737,11.711430356027483,10.758182942900945,33.74287926003851,118.42240757903409,0.09517573247244115,0.0,0.5936585394812539,0.3369896712665721,0.0,0.10997144041692763,0.0,0.0,0.0,0.24172981858177423,0.0,0.17264179934189627,0.0,0.0,0.0,0.0,0.0,0.0,0.0,0.0,0.0,0.0,0.0,0.0,148
149,159,6/29/20,70.0493390997137,44.92996211787508,66.48975642190126,56.445769937151425,26.098437164174523,74.78057948350813,52.677679976968825,45.078540688199055,24.14224039990911,56.80650736671622,30.60677940163746,35.73685246377112,17.212957384689737,28.100513374763576,24.27174964081725,28.19503184094113,39.571851866150624,0.0,15.659745059350435,8.980422678560737,11.711430356027483,10.758182942900945,33.74287926003851,118.42240757903409,0.09517573247242694,0.0,0.5936585394812823,0.0,0.0,0.21994288083384106,0.0,0.0,0.0,0.36259472787265423,0.0,0.0,0.0,0.0,0.3914798329164064,0.0,0.9651671186866011,0.0,0.0,0.0,0.0,0.0,0.0,0.0,149
150,160,6/30/20,70.23969056465859,44.92996211787508,66.48975642190126,56.782759608418,25.79139672694894,75.00052236434199,52.677679976968825,45.078540688199055,24.14224039990911,57.16910209458887,30.60677940163746,35.73685246377112,17.874994207177803,29.181302350716024,24.27174964081725,28.19503184094113,39.571851866150624,0.0,15.659745059350435,8.980422678560737,11.711430356027483,10.758182942900945,33.74287926003851,118.42240757903409,0.1903514649448823,0.0,0.0,0.3369896712665721,-0.3070404372255844,0.21994288083385527,0.0,0.0,0.0,0.36259472787265423,0.0,0.0,0.6620368224880657,1.0807889759524478,0.0,0.0,0.0,0.0,0.0,0.0,0.0,0.0,0.0,0.0,150
